SMILES,Activity binary
O=Cc1ccccc1,0
Nc1ccc(Cc2ccc(N)c(Cl)c2)cc1Cl,0
CC(C)Nc1ccc(Nc2ccccc2)cc1,1
CCCCCCCCCCCC(=O)NCCC[N+](C)(C)C,1
CCCCN(c1nc(N(CCCN=c2nc(N(CCCC)C3CC(C)(C)N(C)C(C)(C)C3)[nH]c(N(CCCC)C3CC(C)(C)N(C)C(C)(C)C3)n2)CCN(CCCN=c2nc(N(CCCC)C3CC(C)(C)N(C)C(C)(C)C3)[nH]c(N(CCCC)C3CC(C)(C)N(C)C(C)(C)C3)n2)c2nc(N(CCCC)C3CC(C)(C)N(C)C(C)(C)C3)nc(N(CCCC)C3CC(C)(C)N(C)C(C)(C)C3)n2)nc(N(CCCC)C2CC(C)(C)N(C)C(C)(C)C2)n1)C1CC(C)(C)N(C)C(C)(C)C1,1
NCCC(=O)O,0
CN(C)CCCN,1
CCSCCO,0
CCCCCCBr,1
OCCOCCO,0
CC(C)(CO)COC(=O)C(C)(C)CO,0
CCCCCCOCCOCCO,0
C=C1CCC(C(C)C)CC1,0
CC(O)COc1ccc(C(C)(C)c2ccc(OCC(C)O)cc2)cc1,0
Cc1cc(C)c(Nc2ccc(Nc3c(C)cc(C)cc3C)c3c2C(=O)c2ccccc2C3=O)c(C)c1,0
CN1C2CCC1CC(O)C2,1
C[N+](C)(CC[N+](C)(C)CC(O)COCC(F)(F)C(F)F)CC(O)COCC(F)(F)C(F)F,1
ClC(Cl)=C(Cl)Cl,1
CC=NC=O,0
CCCC1CC(C)(OC(C)=O)CCO1,0
CCCCCCCCOS(=O)(=O)O,0
COc1ccc(OC(=O)c2ccc(OCCCCC3CO3)cc2)cc1,1
COC(=O)c1cccc(C(=O)OC)c1,0
O=[N+]([O-])c1ncccc1O,0
CC(C)(C)C1CCC(OC(=O)OOC(=O)OC2CCC(C(C)(C)C)CC2)CC1,1
CC(C)N=C(N)N=C(N)Nc1ccc(Cl)c(Cl)c1,1
CCCCC(CC)COP(Oc1ccccc1)Oc1ccccc1,1
COc1cc(CC#N)c([N+](=O)[O-])cc1C(F)(F)F,0
Nc1cc(F)cc(-c2cccnc2)c1,1
Cc1ncccc1Oc1ccc(N)cn1,1
C=CCc1cc(OC)c(O)cc1C,1
N#CCCNCCCCCCNCCC#N,1
CCCCCCCCCCCCCCCCCCOCCC[N+](C)(C)C,1
CC(=O)c1ccc(Cc2ccc(F)cc2)o1,0
CC1(C)CC(N)CC(C)(CN)C1,1
CC(C)C1OCCN1CCO,1
CN(C)CCN(C)CCN(C)C,0
CN(C)CCOCCN(C)C,0
CC(C)N(C(=O)CN1C(=O)C(NC(=O)Nc2cccc(C(=O)OC(C)(C)C)c2)C(=O)N(c2ccccc2)c2ccccc21)c1ccccc1,1
OC(COC1CC2C=CC1C2)(C(F)(F)F)C(F)(F)F,1
CC1C(C)(C)C2=C(C(=O)CCC2)C1(C)C,1
COc1ccc2cc(C=O)ccc2c1,0
CCOc1ccc(C(=O)Cc2ccc(S(C)(=O)=O)cc2)cc1,0
Nc1cc([N+](=O)[O-])ccc1F,0
CC1(C)CCCC2(C)C1CCC1(C)OCCC12,0
O=C(O)c1c(O)c(-c2ccccc2)nc2ccccc12,0
CS(=O)(=O)CCN,0
C1=CC2CCC1C2,0
c1ccc2c(c1)cc1ccc3cccc4ccc2c1c34,1
C=CC(=O)OCC(O)COCCCCOCC(O)COC(=O)C=C,1
C[N+](C)(C)CC(O)CC(N)=O,0
CCCCC(CC)COC(=O)c1ccccc1,0
CC1=CC(=O)NS(=O)(=O)O1,0
C=C(C)C1CCC(C)=C(N=O)C1,1
CC(CC(=O)OCC(COC(=O)CC(C)CC(C)(C)C)OC(=O)CC(C)CC(C)(C)C)CC(C)(C)C,1
CC(C)CCCC(C)C1CCC2C3CC=C4CC(O)CCC4(C)C3CCC12C,0
C=CC(=O)OC1CC2CCC1(C)C2(C)C,1
C=C(C)C1CC=C(C)CC1,1
OCCc1ccccc1,0
CCCCCC=CCC=CCCCCCCCC(=O)O,1
COC(=O)OC,0
C=C(CC(C)(C)c1ccccc1)c1ccccc1,1
CCCCCCI,0
O=C(O)c1ccccc1,0
O=[N+]([O-])c1cc(O)ccc1NCCO,1
CCC=CCCOC(=O)c1ccccc1O,1
CNC(=S)NN,0
C=COCCCN,1
CS(C)=O,0
CCCCC(O)CO,0
OC1CCCCCCC1,0
CC(C)COC(=O)C1CCCCC1C(=O)OCC(C)C,1
Nc1ccc(OCCCOc2ccc(N)cc2N)c(N)c1,1
OCCCC1CCCC1,0
O=S(=O)(c1ccc(Cl)cc1)c1ccc(Cl)cc1,0
CC(=O)OC(C)(C)C1CC=C(C)CC1,0
Cc1c(Cl)cccc1[N+](=O)[O-],0
C=Cc1ccc2c(O)c3ccccc3c(O)c2c1,0
CC1CCC(C(C)C)C(OCC(O)CO)C1,0
O=c1occo1,1
Oc1ccc(-c2ccc(O)cc2)cc1,1
CCCCOCC(O)COc1ccccc1,1
CC1C(c2ccccc2)NC(=O)N1C,0
CCc1nc(C)c[nH]1,1
CSC(=O)c1c(C(F)F)nc(C(F)(F)F)c(C(=O)SC)c1CC(C)C,1
O=[N+]([O-])c1ccccc1,0
Nc1ccc([N+](=O)[O-])cc1N,1
O=C(O)c1ccc(O)cc1,0
CCCCCC(C)OC(=O)COc1ccc(Cl)c2cccnc12,1
Nc1cc([N+](=O)[O-])cc(Cl)c1O,1
Cc1ncoc1C#N,0
CC(=O)CC(=O)Nc1ccccc1,0
O=S(=O)(O)CC(O)CNc1ccccc1,0
Cc1ccc(Nc2cc(C(=O)O)c(Nc3ccc(C)cc3)cc2C(=O)O)cc1,0
C=CC(=O)OCC(CC)CCCC,1
Cc1ccc(S(=O)(=O)OC2CCC3(C)C(CCC4C5CCC(=O)C5(C)CCC43)C2)cc1,0
CCOC(=O)OCC,0
OCCc1ccc(O)c(O)c1,1
O=C1C=CC(=O)C=C1,1
C=CS(=O)(=O)CCOCCN=c1[nH]c(F)nc(=Nc2ccc(N=Nc3cc4c(S(=O)(=O)O)cc(S(=O)(=O)O)cc4cc3S(=O)(=O)O)c(NC(N)=O)c2)[nH]1,1
CC(CC=O)CCCC(C)(C)O,1
Nc1cccc(N)c1,1
CCCC1(C(C)(C)C)C=CC(C)O1,1
C1=COCCC1,1
NCCNCCO,1
CC(C)(C)C(=O)CC(=O)C(C)(C)C,1
C=CCCCCCCCCC=O,1
CCCCCCCCCCCCS,1
CCCCCCCCCCCCCCCC(=O)Cl,1
CCCCCCCCC=CCCCCCCCCCCCC(N)=O,0
CCOc1cc(C=O)ccc1O,0
CCn1c(O)c(CS(=O)(=O)O)c(C)c(N=Nc2ccc(S(=O)(=O)c3ccc(N=Nc4c(C)c(CS(=O)(=O)O)c(O)n(CC)c4=O)cc3)cc2)c1=O,0
CCCC(C)C=O,1
Oc1ccc(O)cc1,1
Oc1ccc(O)[nH]1,0
O=C(O)CS,1
NCC(=O)NC(CCC(N)=O)C(=O)O,0
C=CCCCCCCCC(=O)N(C)C,0
CC(=O)C(=O)CC(C)C,1
C=C(C)C(=O)NC(C)C,0
CCCCCCOc1ccc(C(c2ccccc2)(c2ccccc2)c2ccccc2)cc1OCCCCCC,0
CCOC(=S)S,1
COC1CCC2(CC1)NC(=O)NC2=O,0
CC=CC=CC=O,1
COc1ccc(C2(C#N)CCC(C(=O)O)CC2)cc1OC1CCCC1,0
CC(C)N=C(N)N(C(=N)N)c1ccc(Cl)c(Cl)c1,1
CCOC=C1N=C(c2ccccc2)OC1=O,1
OC1COC2OCCC12,0
C=CC(=O)OC(C)(C)C,1
CCCCCCCCCCCCCCCC(=O)CC(=O)c1ccccc1,0
CCCCCCCCCCCC1=NC(C)(C)C(=O)O1,1
Cc1cc(=O)n(-c2ccc(C)c(C)c2)[nH]1,1
CCCCC(CC)CN(CC(CC)CCCC)CC(CC)CCCC,0
CCOc1ccccc1C(=N)N,0
CC(C)(c1ccccc1)C(C)(C)c1ccccc1,1
CCOC(=O)CC(NCCC[Si](OC)(OC)OC)C(=O)OCC,0
CCc1ccc(CC)c(C(=O)CC(C)=O)c1,1
C=C(C)C(=O)OCCC(F)(F)C(F)(F)C(F)(F)C(F)(F)C(F)(F)C(F)(F)F,0
CC(C)CC=C(C=O)c1ccccc1,1
CC(=O)C(=NNc1cc(Cl)c(-c2cc(Cl)c(NN=C(C(C)=O)C(=O)Nc3ccc(C)cc3C)cc2Cl)cc1Cl)C(=O)Nc1ccc(C)cc1C,0
CCOc1ccc(-c2nn3ncccc3c2-c2ccc(S(C)(=O)=O)cc2)cc1,0
C=CCCC(=O)C1=CCC2(CCCC2)CC1,1
CCC=CCCCCC=O,1
OC(Cn1ccnc1)c1ccc(Cl)cc1Cl,0
Cc1ccc(C)c(O)c1C,1
C=CC(C)CCC=C(C)C,1
C=C(C)C(=O)OCc1ccccc1,1
CCCCCCCCCCCCCCCCC(C(=O)CCCCCCCCCCCCCCC)C(=O)NCCO,0
NCC1OC(OC2C(N)CC(N)C(OC3OC(CO)C(O)C(N)C3O)C2O)C(O)C(O)C1O,0
CCC=CC#N,1
CCCCCCCCCCCCCCCCOC(=O)OOC(=O)OCCCCCCCCCCCCCCCC,0
C=CC(=O)NC(C)(C)CC(C)=O,0
C=C1CC(C)(C)OC1=O,1
O=CC(=O)O,1
N#CCCOc1ccccc1,0
Cc1nc(COc2ccc(CC(NC(=O)OC(C)(C)C)C3CO3)cc2)cs1,0
Cc1nc(COc2ccc(CC(NC(=O)OC3COC4OCCC34)C(O)CN(CC(C)C)S(=O)(=O)c3ccc4c(c3)OCO4)cc2)cs1,0
CCCCCCCCC(CCCCCC)COc1ccc(S(=O)(=O)C(CC)C(=O)Nc2cc(O)c(NC(=O)c3ccc(Cl)c(Cl)c3)cc2Cl)cc1,0
COc1ccc(OC)c(NC(C)=O)c1,0
Fc1ccc(Br)c(F)c1,0
CCOC(=O)C1=C(C)C=CCC1(C)C,1
CCO[Si](OCC)(OCC)N(CC)CC,0
CCCCCCCCCCCCCCCCCBr,1
N#CCCC(Br)(C#N)CBr,1
CCCC1CC(=O)N(C(CC)C(N)=O)C1,0
CCCCNS(=O)(=O)c1ccccc1,0
O=C1NC(=O)C(=c2[nH]c(=C3C(=O)NC(=O)NC3=O)c3ccccc23)C(=O)N1,0
CCCCCCCCCCCCCCCCCCOP1OCC2(CO1)COP(OCCCCCCCCCCCCCCCCCC)OC2,0
CCC(CC)CC1(C(=O)O)CCCCC1,1
COC1OC(COS(=O)(=O)c2ccc(C)cc2)C2OC(C)(C)OC12,0
CCCCCCCCCCCCCCCCOS(C)(=O)=O,0
CCCCCCCCCI,1
Cc1c2ccc(N=c3cc[nH]c(Cl)n3)cc2nn1C,0
NS(=O)(=O)c1cccc(CCCCOCCCCCCBr)c1,0
CCn1c(O)c(C(N)=O)c(C)c(N=Nc2ccc(N=Nc3cc(OCCO)c(N=Nc4c(S(=O)(=O)O)cc5cc(S(=O)(=O)O)cc(O)c5c4O)cc3OCCO)c(S(=O)(=O)O)c2)c1=O,0
CCOc1ccc(Cc2cc(C3OC(COC(C)=O)C(OC(C)=O)C(OC(C)=O)C3OC(C)=O)ccc2Cl)cc1,0
CC(CO)(CO)C(=O)O,0
O=C1CCCCCO1,0
CC(C)NO,0
CC(=O)C(=NNc1ccc(-c2ccc(NN=C(C(C)=O)C(=O)Nc3ccc(C)cc3C)c(Cl)c2)cc1Cl)C(=O)Nc1ccc(C)cc1C,0
C=C(C)C(=O)NCCC[N+](C)(C)C,0
Cc1cc(NCCCn2ccnc2)ccc1N,0
CNS(=O)(=O)c1cc(OC)c(N=Nc2c(O)c(C(=O)Nc3ccc4[nH]c(=O)[nH]c4c3)cc3ccccc23)cc1C,0
C=C(C)C(=O)NCCCN(C)C,1
Clc1ccc(C(Cl)(Cl)Cl)cc1,1
CC12CCC3c4ccc(O)cc4CCC3C1CCC2=O,0
Oc1ccc(C2COc3cc(O)ccc3C2)cc1,0
c1ccc2c(c1)-c1nc-2nc2[nH]c(nc3nc(nc4[nH]c(n1)c1ccccc41)-c1ccccc1-3)c1ccccc21,0
COc1cc(N)c2nccc(C)c2c1,0
O=CCC(=O)CCCCCCCCCCCCCCCCCc1ccccc1,0
CC(=O)CC(N)=O,0
COC(=O)C(C)=O,1
CC=CC(=O)Oc1c(C(C)CCCCCC)cc([N+](=O)[O-])cc1[N+](=O)[O-],1
NC(CC(=O)O)C(=O)O,0
COC(=O)c1ccc(C(=O)Nc2cc(Cl)ccc2Cl)cc1N=Nc1c(O)c(C(=O)Nc2ccccc2OC)cc2ccccc12,0
OCc1cccnc1,1
CNCC(O)C(O)C(O)C(O)CO,0
Nc1ccc(S(N)(=O)=O)cc1,0
CCOC(=O)c1[nH]n(-c2ccccc2)c(=O)c1N=Nc1ccc(-c2ccc(N=Nc3c(C(=O)OCC)[nH]n(-c4ccccc4)c3=O)c(Cl)c2)cc1Cl,0
CC(=O)O,0
CCOS(=O)(=O)OCC,1
OCCC(F)(F)C(F)(F)C(F)(F)C(F)(F)C(F)(F)C(F)(F)F,0
C=CC(=O)OCC1(CC)COCOC1,1
Cc1ccc(N=c2[nH]c(Nc3ccc(C)cc3)c(C#N)c(C)c2N=Nc2ccccc2C(F)(F)F)cc1,0
COc1ccc(C(=O)Nc2ccccc2)cc1N=Nc1c(O)c(C(=O)Nc2cc(Cl)ccc2OC)cc2ccccc12,0
C=C(C)C(=O)OCC(CC)CCCC,0
Cc1ccc(CC=O)cc1C,1
ClCCCI,0
O=[N+]([O-])c1ccc(F)c([N+](=O)[O-])c1,1
Cc1ccc(C(=O)Nc2ccc(S(=O)(=O)O)cc2)cc1N,0
CCS(=O)(=O)c1cc(C(=O)O)c(OC)cc1N,0
CC(C)C(N)C(=O)O,0
Cc1ccc(C(=O)CC(=O)C(F)(F)F)cc1,1
COc1cc2c(cc1OC)CC(=O)N=CC2,0
CCCCCCCC(Br)CCCCCC,1
Nc1ccc(S(=O)(=O)O)cc1N,0
C=CC(=O)NCCO,0
O=C1OC(c2ccc(O)cc2)(c2ccc(O)cc2)c2ccccc21,0
CCC(CO)(CO)CO,0
N#CC(=O)c1cccc(Cl)c1Cl,1
CC(=O)C(=NNc1ccccc1OCCOc1ccccc1NN=C(C(C)=O)C(=O)Nc1ccc2[nH]c(=O)[nH]c2c1)C(=O)Nc1ccc2[nH]c(=O)[nH]c2c1,0
O=Cc1cc(O)ccc1C=C(CC(=O)O)C(=O)O,1
CCN(CC)c1ccc(C=C(C#N)C(=O)OCCC[N+](C)(C)CCOC(=O)C(C#N)=Cc2ccc(N(CC)CC)cc2)cc1,0
O=C(O)CCl,0
CCN(CC)CCCN=c1[nH]c(=NCCCN(CC)CC)[nH]c(=Nc2ccc3c(O)c(N=Nc4ccc5[nH]c(=O)[nH]c5c4)c(S(=O)(=O)O)cc3c2)[nH]1,0
O=C1NS(=O)(=O)c2ccccc21,0
O=c1[nH]c(=O)c2ccc3c4ccc5c(=O)[nH]c(=O)c6ccc(c7ccc1c2c73)c4c65,0
CC(C)COC(=O)C(C)Cl,1
CCCCOC(=O)c1ccccc1C(=O)OCCCC,0
CC(C)(C)c1[nH]n(-c2cc(C(=O)O)cc(C(=O)O)c2)c(=N)c1N=Nc1nnc(SCCSc2nnc(N=Nc3c(C(C)(C)C)[nH]n(-c4cc(C(=O)O)cc(C(=O)O)c4)c3=N)s2)s1,0
OCC1COCO1,0
CCC(=O)Nc1cccc(Nc2cc(S(=O)(=O)O)c(N)c3c2C(=O)c2ccccc2C3=O)c1,0
Oc1cccc2ccccc12,1
O=c1ccc2ccccc2o1,0
CC(=O)CC(=O)Nc1ccc(-c2ccc(NC(=O)CC(C)=O)c(C)c2)cc1C,0
CC(C)(C)OC(=O)CC1CC(CC#N)OC2(CCCC2)O1,0
C=CCc1ccc(OC(C)=O)c(OC)c1,0
CC=Cc1ccc(OC(C)=O)c(OC)c1,0
C=COCCCCCCCCCCCCCCCCCC,1
C=CC(=O)OCC(CC)(COCC(CC)(COC(=O)C=C)COC(=O)C=C)COC(=O)C=C,0
CC1CCOC(c2ccccc2)C1,0
COc1c(Cl)ccc(B(O)O)c1F,0
O=S(=O)(O)CCCS(=O)(=O)c1cccc2c1-c1nc-2nc2[nH]c(nc3nc(nc4[nH]c(n1)c1cccc(S(=O)(=O)CCCS(=O)(=O)O)c41)-c1cccc(S(=O)(=O)CCCS(=O)(=O)O)c1-3)c1cccc(S(=O)(=O)CCCS(=O)(=O)O)c21,0
Nc1ccccc1O,1
Cc1ccc2c(c1)C(N=c1[nH]c(C(C)F)nc(=N)[nH]1)C(C)C2,0
O=C1CCCO1,0
O=[N+]([O-])c1ccc(Cl)c([N+](=O)[O-])c1,1
FC(F)(F)c1ccc(Cl)cc1,1
CC1=CCC(C(C)C)C=C1,1
ON=C1C=CCCC1,1
CCCCCCCCC=CCCCCCCCCOS(C)(=O)=O,1
CCCCCCCCCCCCCCCCCCCC1=NC(C)(C)C(=O)O1,1
CC(C)c1c(C(=O)Nc2ccccc2)c(-c2ccccc2)c(-c2ccc(F)cc2)n1CCC1CC(CC(=O)OC(C)(C)C)OC2(CCCC2)O1,0
O=[N+]([O-])c1ccc(S(=O)(=O)O)c([N+](=O)[O-])c1,1
CC(COCC(F)(F)C(F)(F)C(F)(F)F)OC(=O)CC(C(=O)OC(C)COCC(F)(F)C(F)(F)C(F)(F)F)C(C(=O)OC(C)COCC(F)(F)C(F)(F)C(F)(F)F)S(=O)(=O)O,0
CC(C)OC(=O)c1ccc2c(C3CCCC3)c(Br)n(C)c2c1,0
Cc1cn(C(CC(=O)O)C(=O)O)nc1C,0
O=[N+]([O-])c1ccc(CBr)cc1,1
BrCc1ccccc1,1
ClCc1ccccc1,1
OCc1ccccc1,0
CNc1ccccc1,0
ON=C1CCCCC1,0
C1N2CN3CN1CN(C2)C3,1
CCCCOC(=O)NC(=S)SCCCC,1
CCCCC(O)C(N)CC,1
C=C(C)C(=O)OC1CCCCC1,1
CCCCCC(=Cc1ccccc1)CO,0
Cc1c(C)c2c(c(C)c1O)CCC(C)(CCCC(C)CCCC(C)CCCC(C)C)O2,1
OCC1OC(OCC=Cc2ccccc2)C(O)C(O)C1O,0
c1ccc(OCCOc2ccccc2)cc1,0
OCCOCCOc1ccccc1,0
CC12CCC3C(CCC4CCCCC43C)C1CCC2=O,0
CCc1ccc(CC)cc1,0
COC(=O)CC(C)=O,0
CC(C)=CCCC(C)CCO,1
Cc1ccc(C)cc1,1
Nc1ccc(Cl)cc1,0
COC(=O)CCC(=O)OC,0
BrCCBr,0
ClCCCl,0
OCCCl,0
NCCN,1
CC=CC(=O)O,0
C=Cn1ccnc1,0
Nc1c(OCCO)nn2ccccc12,1
C=COC(C)=O,0
Oc1ccc(O)o1,1
O=C1C=CC(=O)O1,1
CN1CN(C)CN(C)C1,1
Clc1ccccc1,0
ClCc1ccc2ccc3cccc4ccc1c2c34,1
CCCCBr,0
CCNCC,1
C1CCOC1,0
CCCCCCCCCCCCCC(=O)OC(C)C,1
CCCCCC(C)=O,0
CCCCCC,0
c1ccncc1,1
CC(C)=CCCC(C)=CCCC(C)=CCCC=C(C)CCC=C(C)CCC=C(C)C,1
ClCCOCOCCCl,0
NC(=O)O,0
CCCCCCC(O)CO,0
CCCCCCCCC(=O)O,0
C=CCCCCCCCCC(=O)O,1
CCCCCCCCC=CCCCCCCCC(=O)O,1
CC(CO)CCCC1CCCCC1,0
CC1(C)COC2(CCC3C4CCC5=CC6(CCC5C4C(=O)CC32C)SCCS6)OC1,0
O=C1C(Cl)=C(Cl)C(=O)C(Cl)=C1Cl,1
Nc1ccccc1C(=O)O,0
COc1ccc(C=O)cc1OC,1
O=C(CC(=O)c1ccccc1)c1ccccc1,1
CCCOC(=O)c1cc(O)c(O)c(O)c1,1
CC(C)(C=NCC1(C)CC(N=CC(C)(C)CN2CCOCC2)CC(C)(C)C1)CN1CCOCC1,1
CC(C)(C=NCCCCCCN=CC(C)(C)CN1CCOCC1)CN1CCOCC1,1
CC(=O)OCCCc1ccccc1,0
CCN(CCO)c1ccc(N=Nc2ncc([N+](=O)[O-])s2)c(C)c1,1
C=CC(=C)CCC=C(C)C,0
CCCCCCCC(=O)O,0
CCCCCCCC#N,0
CC(C)=NO,0
N#CC1(N)CC1,1
CC=Cc1cc(C)c(O)c(OC)c1,1
C=CCOC(=O)c1ccccc1C(=O)OCC=C,1
CCCCCCCCCCCCCCCCCCNC(=O)CCCCCCCCCCCCCCCCC,0
O=C(OOC(=O)c1ccc(Cl)cc1Cl)c1ccc(Cl)cc1Cl,1
O=P12OB(O1)O2,0
O=C(C=Cc1ccc(O)cc1)c1ccccc1O,0
CC(C)CP(=S)(S)CC(C)C,1
CC(C)C1CCC2C(CCC3C(C)(CO)CCCC23C)C1,1
CCN(CC)C(=O)c1cccc(C)c1,0
CC1CC2C3CC=C4CC(=O)C=CC4(C)C3=CCC2(C)C1(O)C(=O)CO,0
COc1cc(C(=O)CC(=O)C(C)(C)C)cc(OC)c1OC,0
CCCCCCCCCCCC(=O)OC(C)C(=O)OC(C)C(=O)O,1
CC(CCl)OP(=O)(OC(C)CCl)OC(C)CCl,0
CN(C)c1ccc(N=O)cc1,1
CC(C)CC(=O)OCCc1ccccc1,1
C=CCc1ccc(OC)cc1,1
O=S(=O)(O)c1cc(N=c2[nH]c(Cl)nc(=NCc3ccc(N=c4nc(Cl)[nH]c(=Nc5cc(S(=O)(=O)O)cc6cc(S(=O)(=O)O)c(N=Nc7ccccc7S(=O)(=O)O)c(O)c56)[nH]4)cc3)[nH]2)c2c(O)c(N=Nc3ccccc3S(=O)(=O)O)c(S(=O)(=O)O)cc2c1,1
CCNC(=S)OC(C)C,0
O=C(O)C(=O)O,1
COC(=O)c1nc(Cl)c(Cl)[nH]c1=N,1
COc1ccc(CO)cc1,1
CCCCCCCCCCCCOS(=O)(=O)O,1
O=S(=O)(O)CCO,0
CCCN(CCC)c1c([N+](=O)[O-])cc(C(F)(F)F)cc1[N+](=O)[O-],1
O=c1[nH]cnc2ccc(I)cc12,0
CC(C)N(C(=O)CNc1ccccc1Nc1ccccc1)c1ccccc1,1
C#[N+]C(c1ccc(F)cc1)S(=O)(=O)c1ccc(C)cc1,1
N=c1[nH][nH]c(=S)[nH]1,1
CCCCCCCCC(=O)NCCC(CCC(=O)O)c1ccccc1S(=O)(=O)O,1
CCOC(=O)CC(=O)c1cc(C)c(C)c(C)c1C,1
CC(C)OCC(O)CO,0
Cc1nccn1C,1
CC(C)C=NCC1CCCC(CN=CC(C)C)C1,1
CO[Si](CCCNCCN)(OC)OC,1
C=COCCCCO,0
COc1cc2c(cc1C(F)(F)F)NCC2,1
CC(C)CC(C)(O)CCC(C)(O)CC(C)C,0
Cc1cc(O)c(C(C)(C)C)cc1C(C)CC(c1cc(C(C)(C)C)c(O)cc1C)c1cc(C(C)(C)C)c(O)cc1C,1
C=CCc1cc(C)c(O)c(OC)c1,1
C=CCc1ccc(O)c(OC)c1C,1
CC=Cc1ccc(O)c(OC)c1C,1
CC=Cc1ccc(O)c(OC(C)C)c1,1
OCCc1ccc(Cl)cc1,1
COc1cc(C)c2c(Oc3cccc(C(F)(F)F)c3)c(OC)cc([N+](=O)[O-])c2n1,1
COc1cc(C)c2c(Cl)c(OC)cc([N+](=O)[O-])c2n1,1
COc1cc([N+](=O)[O-])c2[nH]c(=O)cc(C)c2c1Cl,1
CCCOc1ccc(Br)c(C(=O)c2ccc(OC)cc2O)c1,0
CCCOc1ccc(C=CC(=O)N2C(=O)N(C)C(C)C2c2ccccc2)c(C(=O)c2ccc(OC)cc2OCc2ccccc2)c1,0
CCCCC(CC)COC(=O)COc1ccc(Cl)cc1Cl,1
CCCCOC(=O)c1ccc(C(=O)OCCCC)cc1,1
OCCCCCCCl,0
O=c1ccc2cc(Cl)ccc2o1,1
CON=C1CN(c2nc3c(cc2F)c(=O)c(C(=O)O)cn3C2CC2)CC1CN,1
N=c1[nH]c(-c2ccc3ccccc3c2)cs1,1
C=COC(=O)CCCCCCCCCCC,0
CC1CCC(C(C)C)C(O)C1,0
CCOc1ccc(CC(CNCCN)NC(=O)OCc2ccccc2)cc1,1
C=CN1CCCCCC1=O,1
CCCCCCCCCCCCS(=O)(=O)OC,1
CCCCCCCCCCCCOC(=O)C=CC(=O)OCCCCCCCCCCCC,0
CC(C)(C)N(CC(=O)c1ccc(O)c(CO)c1)Cc1ccccc1,1
COC(=O)c1ccc(CBr)cc1,1
Cc1ccc(O)c(-n2nc3ccccc3n2)c1,1
CS(=O)(=O)c1ccc(F)c(C(=O)O)c1,0
CCCCCC1C(=O)CCC1CC(=O)OC,0
O=C(Oc1ccc([N+](=O)[O-])cc1)OC1COC2OCCC12,1
CC(=O)CCc1ccccc1,0
C=CCCCCCCCC(=O)OC,0
CCN(CCNS(C)(=O)=O)c1ccc(N)c(C)c1,1
NC(=O)NC(=O)O,0
CCOC(=O)c1ccc(CBr)cc1,1
Cn1sccc1=O,1
Nc1ccc(NCCO)c([N+](=O)[O-])c1,1
c1cc(N(CC2CO2)CC2CO2)ccc1Cc1ccc(N(CC2CO2)CC2CO2)cc1,1
O=S(=O)(O)c1ccc(N=c2[nH]c(N3CCOCC3)nc(=Nc3ccc(C=Cc4ccc(N=c5nc(N6CCOCC6)[nH]c(=Nc6ccc(S(=O)(=O)O)cc6)[nH]5)cc4S(=O)(=O)O)c(S(=O)(=O)O)c3)[nH]2)cc1,0
CCCCC(CC)COC(=O)CCC(=O)OCC(CC)CCCC,0
O=C(O)C(F)(F)F,0
Nc1ccc(N(CCO)CCO)cc1[N+](=O)[O-],1
CC(C)(N=NC(C)(C)C(=N)N)C(=N)N,0
CC(O)C#CC(C)O,1
CC(C)(C)c1ccc(OCC2CO2)cc1,1
C=CC(=O)OCCOC,1
c1ccc(-c2ccc(-c3nc(-c4ccc(-c5ccccc5)cc4)nc(-c4ccc(-c5ccccc5)cc4)n3)cc2)cc1,0
O=C=Nc1cccc2c(N=C=O)cccc12,1
O=C(O)c1ccc(C(=O)O)o1,0
CC(=O)C1=C(C)C2CC3(C1)C(C)CCC3C2(C)C,1
CNC(C)c1cc(C(F)(F)F)cc(C(F)(F)F)c1,0
COC(=O)CCBr,0
CCC(=O)c1cccc(Cl)c1,0
CN1C2CCC1CC(OS(C)(=O)=O)C2,1
C=CC(=O)OCC(CO)(COC(=O)C=C)COC(=O)C=C,0
CC(=O)OCCC1=CCC2CC1C2(C)C,1
OCC(CBr)(CBr)CBr,0
CCCCCCCCC=CCCCCCCCC(=O)OCCCCCCCCCC,0
CCCCCCCCC=CCCCCCCCCO,0
COCc1ccc(-c2ccc(COC)cc2)cc1,0
O=C(O)c1cccc(-c2cc(Cl)cc([N+](=O)[O-])c2O)c1,1
CCC(N)c1ccccc1,0
COc1cc(N=c2c(C#N)c[nH]c3cc(OCCCN4CCN(C)CC4)c(OC)cc23)c(Cl)cc1Cl,1
COC(=O)c1cc(C(=O)OC)cc(S(=O)(=O)O)c1,0
CCCCCCCCCCCCCCCCS(=O)(=O)OC,0
O=c1c2cc(Br)c3cccc4c(=O)c5cc(Br)c6cccc1c6c5-c2c34,0
COCCOCOCCOC,0
O=[N+]([O-])c1ccc(OCc2cccc(F)c2)c(Cl)c1,1
C=CC(=O)NCCC[N+](C)(C)C,0
CCC=CCC=CCC=CCCCCCCCC(=O)O,1
COC1=CC=C2C3Cc4ccc(O)c5c4C2(CCN3C)C1O5,1
CC(C)(O)C(=O)c1ccc(Cc2ccc(C(=O)C(C)(C)O)cc2)cc1,0
CC(OC(C)(C)COC(=O)C1CC1)C1CCCC(C)(C)C1,1
Cc1cccc(O)c1O,1
O=C(C(=O)c1ccco1)c1ccco1,0
NCCO,0
Cc1ccc(-n2[nH]c(C)c(N=Nc3cccc(-c4cccc(C(=O)O)c4)c3O)c2=O)cc1C,0
CC=C(C)C=O,0
CC12CCC(=O)C=C1CCC1C2C(O)CC2(C)C1CCC2(O)C(=O)CO,0
CC1C=CC(C(C)C)CC1,0
CC(C)C1=CC2=CCC3C(C)(C(=O)O)CCCC3(C)C2CC1,0
CC(C)=CCCC(C)=CC#N,0
C=CCc1ccc(O)c(OC(C)C)c1,0
Nc1ccc(CCNCC(O)c2ccccc2)cc1,1
O=[PH](=O)(C(F)(F)C(F)(F)C(F)(F)C(F)(F)F)C(F)(F)C(F)(F)C(F)(F)C(F)(F)F,0
C=CCOCC(O)CS(=O)(=O)O,0
C=C(C)C(=O)OCCO,1
CCCOC(=O)C(C)O,0
N#CS,0
N#CSc1ccc(N)c([N+](=O)[O-])c1,1
COc1ccc(NC(=O)CC(C)=O)cc1,1
CC(=O)C1(C)CC2=C(CCCC2(C)C)CC1C,1
CNc1ccc(O)cc1,1
Cc1ccc(NCCO)cc1O,1
NCCCNCCCN,1
C[N+](C)(C)Cc1ccccc1,0
COc1nc(OC)c(N)cc1N,1
CCCCCCCC(=O)OCCCOC(=O)CCCCCCC,0
CCCCCCCCCCCCCCOC(=O)Cl,1
CC[N+](CC)(CC)CC,0
O=S(=O)(O)C(F)(F)C(F)(F)C(F)(F)C(F)(F)C(F)(F)C(F)(F)C(F)(F)C(F)(F)F,0
CCOC(=O)CC1CC2CCC(C1)N2C,1
O=C1CCO1,1
Cc1c2ccccc2c(C)c2c1ccc1ccccc12,1
CC(C)(C)CC(C)(C)OO,1
CC(Br)CCCN1C(=O)c2ccccc2C1=O,1
CC(C)C1OCCN1CCOC(=O)NCCCCCCNC(=O)OCCN1CCOC1C(C)C,1
CCOCC,0
Cc1c(O)cccc1O,1
CCCCN(CCCC)c1ccccc1,1
CC(C)(C)OOC(=O)c1ccccc1,1
O=C(O)c1ccc([N+](=O)[O-])c(O)c1,0
Nc1ccccc1,1
O=C(O)C(F)(OC(F)(F)C(F)(F)C(F)(F)F)C(F)(F)F,0
COc1ccc(C=O)cc1O,0
OCCN1CCOCC1,0
CCCC(C)=NO,0
CCCCCOC(=O)CC,0
CCCCCCCCCCCCC,1
CCCCCCCCCCCCCCCCCCI,0
CCN(CC)c1ccc([C+](c2ccc(N(CC)CC)cc2)c2ccc(N(CC)CC)cc2)cc1,1
Cc1cccc(C)c1C(=O)O,0
Nc1cc(Cl)c(Cl)cc1S(=O)(=O)O,0
COc1ccc2nc(Cl)cc(C)c2c1,0
CC(I)CCCN1C(=O)c2ccccc2C1=O,1
CCOC(=O)C(C)(C)Oc1ccc(Cl)cc1,0
Cc1ccc(N2C(=O)C=CC2=O)cc1N1C(=O)C=CC1=O,1
CCCCOCCOC(=O)COc1nc(Cl)c(Cl)cc1Cl,1
CCN(CC)CCCCCCBr,1
OC1COC2C(O)COC12,0
CC12CC(O)C3C4=C(CCC3C1CCC2=O)CC(=O)CC4,0
Nc1ccc(OCCO)c(N)c1,1
CS(C)(=O)=O,0
CC1=CCC(C=CC(C)C(C)O)C1(C)C,0
CN(N=O)C(N)=O,1
CCOC(=O)C(C)O,0
O=C(O)c1ccccc1O,0
NC1CCCCC1N,1
CCN(CC)CCCCCCO,1
CCC(=O)Nc1ccc(Cl)c(Cl)c1,1
CCCCO,0
C=CC[N+](C)(C)CC=C,0
CCCCC(CC)C(c1ccc(O)cc1)c1ccc(O)cc1,1
ClCCl,0
S=C=S,0
C=C(Cl)Cl,0
CCC(C)(C)O,0
CCCCCCC(O)CCCCCCCCCCC(=O)O,0
C=COCCOCCOC=C,0
CCO[Si](CCCNC=O)(OCC)OCC,1
COS(=O)(=O)OC,1
O=S(=O)(O)OOS(=O)(=O)O,1
O=S(O)O,0
C=CC(C)(O)CCC=C(C)C,0
ClC=C(Cl)Cl,1
C=C(C=CCC(C)C)CC,0
CC(C)(C1CCC(O)CC1)C1CCC(O)CC1,0
O=S(=O)(c1ccc(O)cc1)c1ccc(O)cc1,0
CC(C)(OOC(C)(C)c1ccccc1)c1ccccc1,0
CCC(F)(F)C(F)(F)C(F)(F)C(F)(F)C(F)(F)C(F)(F)F,0
O=C=NCCCCCCN=C=O,1
CCCCCOC1OC(C)C(O)C(O)C1O,0
CCC1OC(=O)C(C)C(OC2CC(C)(OC)C(O)C(C)O2)C(C)C(OC2OC(C)CC(N(C)C)C2O)C(C)(O)CC(C)CN(C)C(C)C(O)C1(C)O,1
O=C(OC1CCCCC1)c1ccccc1C(=O)OC1CCCCC1,1
CCOC(=O)c1ccccc1C(=O)OCC,0
CCOP(=O)(C(=O)c1c(C)cc(C)cc1C)c1ccccc1,1
CC(c1ccccc1)c1ccc(O)cc1O,0
Oc1oc(O)c2c1CCCC2,1
O=C1OC(=O)c2ccccc21,1
CCCC(c1cc(C(C)(C)C)c(O)cc1C)c1cc(C(C)(C)C)c(O)cc1C,0
COc1ccc(C)cc1C(CCN(C(C)C)C(C)C)c1ccccc1,1
CCCCCn1c(=O)[nH]c(=O)c2[nH]c(Cl)nc21,1
Cc1cccc(C)c1N,0
Oc1cccc(O)c1O,1
Oc1c(Cl)c(Cl)c(Cl)c(Cl)c1Cl,1
CC(=O)C1CCCCC1=O,0
CC(=O)OC(C)(C)C1C=CC(C)C(=O)C1,0
CCCCNC(=O)OC#CCI,1
CN(C)Cc1cc(C(C)(C)C)c(O)c(C(C)(C)C)c1,1
Nc1ccccc1[N+](=O)[O-],0
O=c1c(-c2ccccc2)c1-c1ccccc1,1
CCCCC(C#N)(Cn1cncn1)c1ccc(Cl)cc1,1
CC(C)(C1CCCO1)C1CCCO1,1
CNC(C)C(O)c1ccccc1,1
O=Cc1ccc(-c2ccc(C(F)(F)F)cc2)cc1,0
N=c1nc(-c2ccccc2)[nH]c(=N)[nH]1,0
C=C(C)C(=O)OCC(C)O,0
CC(CO)CC(C)c1ccccc1,0
CCCN(C)C,0
OCCOc1ccc2ccccc2c1,0
COC(=O)c1ccccc1,0
O=c1[nH]c2ccccc2s1,0
CCOC(=O)CC(=O)c1ccccc1,0
CCOC(=O)c1ccc(N)cc1,0
CCCOC(=O)c1ccc(O)cc1,0
Cc1ccccc1C,1
Nc1ccc(Cl)c(Cl)c1,1
O=C(CO)CO,0
CCC(C)=NO,0
CC1CCCO1,0
C=CCc1ccc(O)c(OC)c1,1
OCC1CCCO1,0
S=C(SSSSSSC(=S)N1CCCCC1)N1CCCCC1,0
Cc1ccc(S(=O)(=O)Cl)cc1,1
Clc1ncnc2ccc(I)cc12,1
C=C1CC=C(C(C)C)CC1,0
CC=CC(=O)SCC(O)CO,0
c1ccc2c(c1)ccooc1ccccc12,1
C=C1CC(C(=C)C)CCC1C,0
C=COC(=O)C(CC)CCCC,1
Cc1ccc(N=Nc2c(O)c(C(=O)O)cc3ccccc23)c(S(=O)(=O)O)c1,0
COC(=O)C(N)CO,0
CCOC(=O)CC1(C)OCCO1,0
O=C(Nc1ccc2[nH]c(=O)[nH]c2c1)c1cc2ccccc2c(N=Nc2cc(Cl)ccc2Cl)c1O,0
C=CCCCCCCCCOC(=O)C=Cc1ccccc1O,1
COc1ccc(C(C)=O)cc1,0
C=Cc1ccncc1,1
CSc1ccccc1,1
FC(F)CNCc1ccc(Cl)nc1,1
CC(C)(c1ccccc1)c1ccc(Nc2ccc(C(C)(C)c3ccccc3)cc2)cc1,1
c1ccc(OP(Oc2ccccc2)Oc2ccccc2)cc1,1
CC(C=O)=Cc1ccccc1,1
CCCCCCC(C=O)=Cc1ccccc1,1
CCCCCCCCCCCCCCCC(=O)NC(C(=O)O)C(C)CC,0
Cc1c(C#N)c(Nc2ccc(S(=O)(=O)O)cc2)[nH]c(=Nc2ccc(S(=O)(=O)O)cc2)c1N=Nc1nc(-c2ccc3ccccc3c2)c(N=Nc2cc(S(=O)(=O)O)c3cc(S(=O)(=O)O)cc(S(=O)(=O)O)c3c2)s1,0
Cc1cc(OC2OC(CO)C(O)C(O)C2O)cc2c1OC(C)(CCCC(C)CCCC(C)CCCC(C)C)CC2,0
CCCCN(CCCC)C(=S)SCSC(=S)N(CCCC)CCCC,0
O=C(C=Cc1ccccc1)OCc1ccccc1,1
CC(C)C(=O)OCCOc1ccccc1,0
BrCCc1ccccc1,1
CC(C=O)Cc1ccc(C(C)C)cc1,1
CC12CCC(C(=O)C1=O)C2(C)C,1
CCC(=O)C=Cc1ccc(OC)cc1,1
CC=Cc1ccc(OC)cc1,1
OCC=Cc1ccccc1,1
O=CC=Cc1ccccc1,1
O=c1c2ccccc2[nH]c2cc3c(=O)c4ccccc4[nH]c3cc12,0
O=C1CCCCCCCCCCCC(=O)OCCO1,0
CCC(C)C1CCCc2cccnc21,1
Nc1cccc(Oc2ccc(-c3ccc(Oc4cccc(N)c4)cc3)cc2)c1,0
CCCCCCCCCCCCC(Br)C(=O)O,1
C=C(C)C(=O)OCCOCCC[Si](C)(C)O[Si](C)(C)O[Si](C)(C)O[Si](C)(C)O[Si](C)(C)CCCC,0
CN(C(=S)SSC(=S)N(C)c1ccccc1)c1ccccc1,0
O=C1CCCCCCCCCCCCCCO1,0
CC(C)=CCCC(C)=CCO,1
Nc1ccc(N)cc1,1
C=CC(=O)OCC(C)C,1
CNC1CN(Cc2ccccc2)CCC1C,0
CC(C)(F)CC(NC(c1ccc(-c2ccc(S(C)(=O)=O)cc2)cc1)C(F)(F)F)C(=O)O,0
COc1cc(C)c2c(Oc3cccc(C(F)(F)F)c3)c(OC)cc(N)c2n1,0
COc1cc(C)c2c(Oc3cccc(C(F)(F)F)c3)c(OC)cc(NC(C)CCCN3C(=O)c4ccccc4C3=O)c2n1,0
C=CCCl,0
O=CC=O,1
NNC(=O)CCCCC(=O)NN,0
Cn1cc(C(=O)Nc2cccc3c2C2CCC3C2=C(Cl)Cl)c(C(F)F)n1,0
CC(C)OC(C)C,0
Oc1cccc(O)c1,1
Clc1nc(Cl)nc(Cl)n1,1
C=C(C)C(=O)OCCOCCOCCOC(=O)C(=C)C,1
N#CCCO,0
O=C(O)C=CC(=O)O,1
CCCCCCCCCC(C)C=O,1
CCCCCBr,1
CCCCC=O,0
CCCCCC#CC(=O)OC,1
O=CCCCC=O,1
NCCNCCN,1
S=C(S)NCCNC(=S)S,0
CCCCCCC#CC(=O)OC,1
COC(=O)CCCC(=O)OC,0
CCCCOCCOC(C)=O,0
CCCCCCCCCCCCCCBr,1
CCCCCCCCCCCCCCCCBr,1
CCCCCCCCCCCCCCCCCCBr,1
CCCCOCCOCCOCCOCCOCCCC,0
CC1CC(NC(N)=O)NC(=O)N1,0
COC(=O)c1c(O)coc1O,0
O=S(=O)(Cl)c1ccc2c(c1)OCO2,1
C=CC(=O)NCCC[Si](O[Si](C)(C)C)(O[Si](C)(C)C)O[Si](C)(C)C,0
O=C(Nc1ccc(Cl)c(Cl)c1)c1cc(Cl)cc(Cl)c1O,1
CC(CC(=O)NCCO)CC(C)(C)C,0
CC1=C(C=O)C(C)(C)CC=C1,1
CCCCCCCCCCCCOC(=O)c1cc(O)c(O)c(O)c1,1
COC(=O)C(C)CCC(=O)N(C)C,0
Cc1ccc(C(=O)O)c(Oc2ccccc2CC(=O)O)c1C,0
O=C(OCc1ccccc1)c1ccccc1O,1
CCCCC1COC(c2ccc(-c3ccc(-c4cc(F)c(F)c(F)c4)c(F)c3)cc2)OC1,0
CC1CCC(C(C)C)C(C(=O)Nc2ccc(CC#N)cc2)C1,0
COc1ccc(C)cc1[N+](=O)[O-],0
Cc1cc(=O)n(-c2cccc(S(=O)(=O)O)c2)[nH]1,0
COC(=O)c1ccccc1O,0
O=C1CCc2ccccc2O1,1
O=C(O)CCCCCO,0
O=C1NCCN1,0
CC(C=O)Cc1ccc2c(c1)OCO2,1
Cc1ccc([N+](=O)[O-])cc1S(=O)(=O)O,1
COc1cc(C=O)ccc1O,0
Nc1cccc(S(=O)(=O)O)c1,0
Nc1ccc(S(=O)(=O)O)cc1,0
O=CC=C(c1ccccc1)c1ccccc1,1
O=C(C1CCC(C(=O)N(CCO)CCO)CC1)N(CCO)CCO,0
COc1cc(-c2cc(OC)cc(C(C)(C)C)c2Op2oc3ccccc3c3ccccc3o2)c(Op2oc3ccccc3c3ccccc3o2)c(C(C)(C)C)c1,0
CCCCCC(C=O)=Cc1ccccc1,1
CC(=O)C=Cc1ccccc1,1
O=CCc1ccccc1,1
COc1ccc(C(=O)Nc2ccccc2)cc1N=Nc1c(O)c(C(=O)Nc2ccc3[nH]c(=O)[nH]c3c2)cc2ccccc12,0
CNS(=O)(=O)c1cc(OC)c(N=Nc2c(O)c(C(=O)Nc3ccc4[nH]c(=O)[nH]c4c3)cc3ccccc23)cc1OC,0
COc1cc(NC(=O)C(=NNc2cc(OC)c(S(=O)(=O)Nc3ccccc3)cc2OC)C(C)=O)c(OC)cc1Cl,0
CC(=O)Nc1ccc(NC(=O)c2cc3ccccc3c(N=Nc3cc(C(N)=O)ccc3Cl)c2O)cc1,0
CC(=O)C(=NNc1ccc(S(=O)(=O)O)cc1[N+](=O)[O-])C(=O)Nc1ccccc1,0
CCCCCCCCNC(=O)Nc1ccc(Cc2ccc(NC(=O)NCCCCCCCC)cc2)cc1,0
CCCCC(CC)CCl,1
CCC=O,0
CC(=O)CC(C)=O,0
NC(=O)N=NC(N)=O,0
C1=Nc2ccccc2OCC2(COc3ccccc3N=1)COc1ccccc1N=C=Nc1ccccc1OC2,0
Fc1ccc(Oc2ccnc3cc(Cl)cc(Cl)c23)cc1,0
Cc1cc(N=Nc2c(S(=O)(=O)O)cc3cc(S(=O)(=O)O)cc(N)c3c2O)ccc1N=Nc1ccc(N=Nc2c(S(=O)(=O)O)cc3cc(S(=O)(=O)O)cc(N)c3c2O)cc1,0
C=CC1(C)CC(OC(=O)CO)C2(C)C(C)CCC3(CCC(=O)C32)C(C)C1O,0
CC(C)c1ccc(C(C)CC=O)cc1,1
C[N+]1(CC(=O)NN=Cc2ccccc2O)CCOCC1,1
CC(C)CC1CCC(CCC=O)CC1,1
CC(C)(CO)CO,0
OCC(CO)(CO)COCC(CO)(CO)CO,0
CC(C)CC(C)(O)C#CC(C)(O)CC(C)C,1
CC(C)(C)c1ccc(OC(=O)c2cc(C(C)(C)C)c(O)c(C(C)(C)C)c2)c(-c2c(O)oc3ccc(C(C)(C)C)cc23)c1,0
CC1CCN(c2nc3cc(Cl)ccc3o2)CCN1,0
CC(=O)C(C)=CC1=C(C)CCCC1(C)C,1
O=C(C(O)C(O)CO)C(O)C(O)C(O)O,0
Clc1ccc(C(Cl)(Cl)Cl)c(Cl)c1,1
COc1ccc(C(=O)c2ccccc2)c(O)c1,0
COc1cc(OC)n2[nH]c(=N)nc2n1,0
C=CC(=O)OCCCCOc1ccc(C(=O)Oc2ccc(OC(=O)c3ccc(OCCCCOC(=O)C=C)cc3)c(C)c2)cc1,0
O=CCC1CC2CC1C1CCCC21,1
O=C(O)CCCCO,0
O=c1oc(C(O)CO)c(O)[c-]1O,0
C=C(C)C(=O)O[Si](C(C)C)(C(C)C)C(C)C,1
COc1ccccc1NC(=O)C(=NNc1ccc(Cl)cc1[N+](=O)[O-])C(C)=O,0
S=C(SN1CCOCC1)N1CCOCC1,0
CC(C)C1CC=C(CCC=O)CC1,1
C=CC(=O)N1C(=O)N(C)C(C)C1c1ccccc1,1
CC1C(C)(C)C2CCc3cncnc3C2C1(C)C,1
CCN(CC)C(=O)c1ccc[n+](CCCS(=O)(=O)O)c1,0
CN(C)CCOC(C)(c1ccccc1)c1ccc(Br)cc1,1
C=CC(=O)OCC,1
CC1CCC(C(C)C)C(=O)C1,1
COc1cc(-c2cc(OC)cc(C(C)(C)C)c2O)c(O)c(C(C)(C)C)c1,0
CCCCC(CC)COC(=O)C=CC(=O)OCC(CC)CCCC,0
CCOC(=O)C=CC(=O)OCC,1
CCCCOCCOC(=O)CCCCC(=O)OCCOCCCC,0
C=CC(=O)OCCCC,1
CCCCCCCCCCCCBr,1
CN1CCN(C(=O)C(OCc2ccccc2)C(OCc2ccccc2)C(OCc2ccccc2)C2(COCc3ccccc3)COC(C)(C)O2)CC1,0
COC(=O)c1ccccc1OS(=O)(=O)c1ccc(O)cc1,0
CCCCOC(=O)CSCSCC(=O)OCCCC,0
CCCCCCCCCCCCCCCCCCNC(=O)CCc1cc(C(C)(C)C)c(O)c(C(C)(C)C)c1,0
CCCc1nc(C(C)(C)O)c(C(=O)OCc2oc(=O)oc2C)n1Cc1ccc(-c2ccccc2-c2nnnn2C(c2ccccc2)(c2ccccc2)c2ccccc2)cc1,0
O=S(=O)(O)C(F)(F)F,0
Cc1cc[nH]n1,0
C=CCCCC=CCOC,1
COc1ncc(F)c2nc(S(=O)(=O)Nc3c(F)cccc3F)nn12,0
CCCSc1nc(Cl)c([N+](=O)[O-])c(Cl)n1,1
CCCCCCCCCC(=O)NCCNC(=O)CCCCCCCCCCC(O)CCCCCC,0
Cc1cccc(C)c1OP(=O)(Oc1ccc(-c2ccc(OP(=O)(Oc3c(C)cccc3C)Oc3c(C)cccc3C)cc2)cc1)Oc1c(C)cccc1C,0
NCc1cccc(CN)c1,1
CCC(O)COc1ccc(N=Nc2ccc(N=Nc3cccc(S(=O)(=O)O)c3)c(NC(C)=O)c2)cc1,0
O=C(C=Cc1ccccc1)c1ccc(O)c(O)c1O,1
CC(CN)CCCCCCN,1
O=C1C([P+](c2ccccc2)(c2ccccc2)c2ccccc2)CCN1c1ccccc1,0
COC1C=COC2(C)Oc3c(C)c(O)c4c(O)c(cc(O)c4c3C2=O)NC(=O)C(C)=CC=CC(C)C(O)C(C)C(O)C(C)C(OC(C)=O)C1C,0
S=c1[nH]c2ccccc2s1,1
C=CC(=O)OCC(CCC)CCCCC,1
Nc1ccc(C(=O)O)cc1,0
N=c1cc(Cl)[nH]c(C(=O)O)c1Cl,0
COc1ccc(C2(C#N)CCC(=O)CC2)cc1OC1CCCC1,0
COC(=O)CCC(C#N)(CCC(=O)OC)c1ccc(OC)c(OC2CCCC2)c1,0
CCCCN1CCC(CNC(=O)c2c3n(c4ccccc24)CCCO3)CC1,0
CC1(C)CC(CBr)C(=O)O1,1
C=CC(=O)OCC(CC)(COC(=O)C=C)COC(=O)C=C,1
C=C(C)C(=O)OCC(O)COc1ccc(C(C)(C)c2ccc(OCC(O)COC(=O)C(=C)C)cc2)cc1,1
C=CC(=O)O[Si](C(C)C)(C(C)C)C(C)C,1
Cc1ccc(-n2[nH]c(C)c(N=Nc3ccc(-c4ccc(N=Nc5c(C)[nH]n(-c6ccc(C)cc6)c5=O)c(Cl)c4)cc3Cl)c2=O)cc1,0
CN(C)CCCN1CN(CCCN(C)C)CN(CCCN(C)C)C1,0
CCc1cccc(CC)c1N(COC)C(=O)CCl,1
COc1cc([N+](=O)[O-])ccc1NN=C(C(C)=O)C(=O)Nc1cc(Cl)ccc1OC,0
C=CC(=O)NC(C)(C)CC(C)(C)C,0
C(CCCOCC1CO1)CCOCC1CO1,1
CC=C1CC2C=CC1C2,1
COC(=O)c1ncc[nH]c1=N,0
CC(C)(c1ccc(OCC2CO2)cc1)c1ccc(OCC2CO2)cc1,1
CC(=O)CC(=O)c1cc(C)c(C)c(C)c1C,1
CC(O)CNC(=O)O,0
CC(O)CN,0
CC(=O)N1CCOCC1,1
O=C(O)c1nc(Cl)ccc1Cl,0
O=P(Oc1ccccc1)(Oc1ccccc1)Oc1ccc(-c2ccc(OP(=O)(Oc3ccccc3)Oc3ccccc3)cc2)cc1,0
CCC=C1OC(=O)c2ccccc21,1
C=CCc1cc(C(C)(C)c2ccc(O)c(CC=C)c2)ccc1O,1
Cc1csc2c(Cl)cccc12,1
C=CC(=O)OCCC(F)(F)C(F)(F)C(F)(F)C(F)(F)C(F)(F)C(F)(F)F,0
CCCCC1=NC(C)(C)C(=O)O1,1
CCCCCCC1=NC(C)(C)C(=O)O1,1
CCCCCCCCCC1=NC(C)(C)C(=O)O1,1
CCCCCCCCCCCCCCCC1=NC(C)(C)C(=O)O1,1
CCCCCCCCCCCCCCCCCC1=NC(C)(C)C(=O)O1,1
Cn1cc(C(=O)O)c(C(F)F)n1,0
C=CC(=O)OCCC(F)(F)C(F)(F)C(F)(F)C(F)(F)C(F)(F)C(F)(F)C(F)(F)C(F)(F)C(F)(F)C(F)(F)F,0
O=C(C=Cc1ccc(O)cc1O)c1ccccc1,1
O=C1c2ccccc2C(=O)N1SC1CCCCC1,1
COc1cc(C(F)(F)F)c(OC)cc1CC#N,0
Nc1cc(N=Nc2cc(N=Nc3ccc(NNc4ccc(S(=O)(=O)O)cc4)c(N)c3)c(N)cc2N)ccc1N=Nc1ccc(S(=O)(=O)O)cc1,0
CC(C)(C)c1ccc(CCC=O)cc1,1
C=C1CCC2CC1C2(C)C,1
CC(C)N(C(=O)CN1C(=O)C(N)C(=O)N(c2ccccc2)c2ccccc21)c1ccccc1,0
CC(C=O)(CO)CO,0
CCCP(=O)(OC)OC,0
CC1OC(OC2C(Oc3cc(O)c(C(=O)CCc4ccc(O)cc4)c(O)c3)OC(CO)C(O)C2O)C(O)C(O)C1O,0
N#Cc1c(Cl)c(Cl)c(Cl)c(C#N)c1Cl,1
COc1cc(C)c2c(Cl)c(OC)ccc2n1,0
CCCOc1cccc(C(=O)O)c1,0
CCCOc1ccc(Br)c(C(=O)O)c1,0
CCCOc1ccc2c(c1)C(O)(c1ccc(OC)cc1OCc1ccccc1)C(C(=O)N1C(=O)N(C)C(C)C1c1ccccc1)C2c1ccc2c(c1)OCO2,0
CCN=c1[nH]c(Cl)nc(=NC(C)C)[nH]1,0
O=C(O)CCCCC(=O)O,0
COCc1ccc(C=O)o1,1
CCCCCCCCCCCCCCI,1
CC(=O)OCCOC(C)C,0
Clc1cccc(C(Cl)(Cl)Cl)n1,1
CC1(C2CCC3C4=CC=C5CC6(CCC5(C)C4CCC32C)OCCO6)OCCO1,0
Cc1cn(C2CC(O)C(CO)O2)c(=O)[nH]c1=O,0
N=C1C=C(Nc2ccc(N)cc2)C(=N)C=C1Nc1ccc(N)cc1,1
O=CNc1cc(C(O)CBr)ccc1OCc1ccccc1,0
CCc1ccc(C)nc1,1
CC(C)(C)OC(=O)N1CC(F)CC1C(=O)O,0
CC(=O)CC(=O)N(C)C,0
CCC(C)(C)c1ccccc1,1
Oc1ccccc1N=Nc1ccccc1O,1
CCOC(=O)C(F)F,0
O=C1c2c(Cl)c(Cl)c(Cl)c(Cl)c2-c2nc3cccc4cccc(c43)n21,0
CCCCCCCCCCCCCCCC(=O)C(CCCCCCCCCCCCCC)C(=O)NCCO,0
C=C(C)C(=O)OCCCCOC(=O)C(=C)C,1
C=C(C)C1CC=C(C=O)CC1,1
C=C(C)C(=O)OCCOC(=O)CC(C)=O,0
CCCCCCCCCCCCCCCCOCCO,1
CC(=O)CC(=O)c1cc(C)ccc1C,1
O=C(Nc1ccccc1)Nc1ccccc1NS(=O)(=O)c1ccccc1,0
CCO[Si](CN1CCOCC1)(OCC)OCC,0
COc1ccc2[nH]c3cc4c(=O)c5cc(OC)ccc5[nH]c4cc3c(=O)c2c1,0
CN1CCCC1c1cccnc1,0
CCOc1ccc(CC(N)CNCCN)cc1,0
CC1=C(C(=O)O)N2C(=O)C(N)C2SC1,0
CCCCC(CC)C(=O)OOC(C)(C)CC(C)(C)C,1
C=CC1(C)CC(OC(=O)CSC2CC3CCC(C2)N3C)C2(C)C(C)CCC3(CCC(=O)C32)C(C)C1O,0
CCCCN(CCCC)CCCC,0
O=C1O[B-]2(OC(=O)c3ccccc3O2)Oc2ccccc21,0
CCCc1nc(C)c2c(=O)[nH]c(-c3cc(S(=O)(=O)N4CCN(CC)CC4)ccc3OCC)nn12,0
O=S(=O)(c1ccccc1)N(SC(Cl)(Cl)Cl)c1ccccc1,1
CCC(CO)(CO)COCC(CC)(CO)CO,0
CC(=O)Oc1ccc(C(=O)O)cc1,0
CC(C)(C=O)CN1CCOCC1,1
Clc1ccccc1C(c1ccccc1)(c1ccccc1)n1ccnc1,1
CCOc1ccccc1NC(=O)C(=O)Nc1ccccc1CC,0
CC(C)(C)N(Cc1ccccc1)CC(O)c1ccc(O)c(CO)c1,0
CCC(C)=CCCC(C)=O,1
CCCCCCCCCCCCCCCl,1
CCCCOCC1CO1,1
CCCCC(CC)COC(=O)CSCC(=O)OCC(CC)CCCC,1
O=C(CCCCC(=O)OCc1ccccc1)OCc1ccccc1,0
CCCCCCCCCCl,0
CCCCCCCCCCCCCCCCCCSSCCCCCCCCCCCCCCCCCC,0
CC(=O)C(=NNc1ccc(C)cc1[N+](=O)[O-])C(=O)Nc1ccccc1,0
O=S(=O)(O)O,0
O=C(C=Cc1ccccc1)c1ccc(O)cc1O,1
CC1CC=CCCCCCCCCC(=O)C1,1
CCCCCCCC[N+](C)(C)[O-],0
C=C(C)C1CC=C(C)C(=NO)C1,1
CN(C)S(=O)(=O)c1cc(Cl)c(N)cc1Cl,0
O=c1[nH]sc2ccccc12,1
CCN(CCCl)c1ccc(C=O)cc1,1
CCCCCCCCCCCCCCC=CS(=O)(=O)OC,1
O=C(C=Cc1ccccc1)c1ccc(O)cc1,1
CC(=O)CC(=O)Nc1ccc2[nH]c(=O)[nH]c2c1,0
CCN1CCCC1=O,0
CCCc1ccc(O)c(OC)c1,1
CCOc1ccccc1NC(=O)c1cc2ccccc2c(N=Nc2ccc(C(N)=O)cc2)c1O,0
C=CC(=O)OCCC(F)(F)C(F)(F)C(F)(F)C(F)(F)C(F)(F)C(F)(F)C(F)(F)C(F)(F)F,0
Cc1cc2c(cc1C(F)(F)F)NCC2,0
CC1CC(C(C)(C)C(C)C)CCC1=O,1
O=[N+]([O-])c1ccc(N=Nc2c(O)ccc3ccccc23)c(Cl)c1,0
Nc1c(OCCOC(=O)Oc2ccccc2)cc(O)c2c1C(=O)c1ccccc1C2=O,0
Cc1ccc(N)cc1O,1
Cc1cc(O)ccc1N,1
CNC(=O)c1cc(Oc2ccc(NC(=O)Nc3ccc(Cl)c(C(F)(F)F)c3)cc2)ccn1,0
CNC(=O)c1cc(Oc2ccc(N)cc2)ccn1,0
CCCCCCCCCCCCCC[Si](C)(O[Si](C)(C)C)O[Si](C)(C)C,0
c1nc[nH]n1,0
O=c1c(O)c(O)c1=O,1
CC(=O)C(N)C(O)O,0
COC(=O)CCS,0
O=Cc1cc(O)ccc1Br,1
COC(=O)c1cc(NN=C(C(C)=O)C(=O)Nc2ccc3[nH]c(=O)[nH]c3c2)cc(C(=O)OC)c1,0
n1n[nH]c(-c2nn[nH]n2)n1,0
Cc1nc(=Nc2ncc(C(=O)Nc3c(C)cccc3Cl)s2)cc(Cl)[nH]1,0
N(c1nn[nH]n1)=c1nn[nH][nH]1,0
O=C(O)C(=NOCc1ccccc1)C(=O)O,0
CC(C)N(C(=O)Cn1c(=O)c(=NOCc2ccccc2)c(=O)n(-c2ccccc2)c2ccccc21)c1ccccc1,0
Cc1ccc(C(=O)OCC2OC(n3cc(C)c(=O)[nH]c3=O)CC2OC(=O)c2ccc(C)cc2)cc1,0
O=c1c2cc(Cl)ccc2[nH]c2cc3c(=O)c4cc(Cl)ccc4[nH]c3cc12,0
CCOc1ccc(NC(=O)C(=NNc2ccc(-c3ccc(NN=C(C(C)=O)C(=O)Nc4ccc(OCC)cc4)c(Cl)c3)cc2Cl)C(C)=O)cc1,0
CCCCOC(=O)c1ccccc1N=Nc1c(O)c(C(=O)Nc2ccc3[nH]c(=O)[nH]c3c2)cc2ccccc12,0
CC(=O)C(=NNc1ccccc1C(=O)O)C(=O)Nc1ccc2[nH]c(=O)[nH]c2c1,0
CC(C)(O)CCCC1=CCC(C=O)CC1,1
CC(=O)CCCN1C(=O)c2ccccc2C1=O,0
CCOC1OC(CO)C(O)C(O)C1O,0
CC(=O)OC1CCC(C(C)(C)C)CC1,1
CC(C)(C)c1cc(C(C)(CC(=O)OCCOC(=O)CC(C)(c2ccc(O)c(C(C)(C)C)c2)c2ccc(O)c(C(C)(C)C)c2)c2ccc(O)c(C(C)(C)C)c2)ccc1O,0
O=C(CC(=O)C(F)(F)F)c1ccccc1,1
O=C1OC2(c3ccc(O)cc3Oc3cc(O)ccc32)c2ccc(N=C=S)cc21,1
OCCCCCCCCCCCCBr,1
CCCCCCCCCCCCCCCCCCCl,1
C=CC(=O)OCCC(F)(F)C(F)(F)C(F)(F)C(F)(F)C(F)(F)C(F)(F)C(F)(F)C(F)(F)C(F)(F)C(F)(F)C(F)(F)C(F)(F)F,0
O=C1CCCN1CCO,0
CCC(COCC1CO1)(COCC1CO1)COCC1CO1,1
O=[N+]([O-])c1ccc(N=Nc2c(O)ccc3ccccc23)c([N+](=O)[O-])c1,0
CCCCN1CCCC1=O,0
COC(=O)c1ccc(C(=O)O)cc1[N+](=O)[O-],0
CC(=O)C(O)N(C)C,0
Cc1[nH]n(-c2ccccc2)c(=O)c1N=Nc1ccc(-c2ccc(N=Nc3c(C)[nH]n(-c4ccccc4)c3=O)c(Cl)c2)cc1Cl,0
O=c1[nH]c(=S)[nH]c2c1CCC2,0
O=C(C(=O)c1ccc(Br)cc1)c1ccc(Br)cc1,1
CCN(CC)CCN(Cc1ccc(-c2ccc(C(F)(F)F)cc2)cc1)C(=O)Cn1c(SCc2ccc(F)cc2)nc(=O)c2c1CCC2,1
COC(=O)c1ccc(C(=O)OC)c(NN=C(C(C)=O)C(=O)Nc2ccc3[nH]c(=O)[nH]c3c2)c1,0
CC(C)N(C#N)C#N,0
N=c1nc(N=c2[nH]c(=N)[nH]c(=N)[nH]2)[nH]c(=N)[nH]1,0
CC=CC(=O)C(C)=C(C)C(C)C,1
CCOC(=O)C=C1CCC2CC1C2(C)C,1
CC(C)(C)OC(=O)NC(C(=O)O)C12CC3CC(CC(O)(C3)C1)C2,0
CC1C(C)(C)C2=C(C3OCOCC3CC2)C1(C)C,1
CC(CC(=O)Cl)CC(C)(C)C,1
CC1=NS(=O)(=O)N=C1c1ccccc1,1
CCCC(C)=NO[Si](C)(ON=C(C)CCC)ON=C(C)CCC,0
CC(C)(C)C(=O)C(Oc1ccc(Cl)cc1)n1ccnc1,0
Cc1cc(O)c(C=O)c(O)c1Cl,1
CCOC(=O)C(F)(F)F,0
O=C1c2ccccc2C(=O)N1CCO,0
O=C(NCCCCCCNC(=O)NCc1ccccc1)NCc1ccccc1,0
CCCCCCCC=CC=O,1
O=C(NCNC(=O)Nc1c(O)[nH]c(=O)n1CO)Nc1c(O)[nH]c(=O)n1CO,1
Clc1ccnc(Cl)n1,1
C=C(C)C(=O)OCCOCCOCCOCC,0
C=CCCC(=O)Cl,0
Nc1ccc(-c2ccc(N)c3c2C(=O)c2ccccc2C3=O)c2c1C(=O)c1ccccc1C2=O,0
CCOC(=O)OCCOc1cc(O)c2c(c1N)C(=O)c1ccccc1C2=O,0
O=C(Nc1cc(Cl)c(NC(=O)c2cc3ccccc3c(N=Nc3cc(Cl)ccc3Cl)c2O)cc1Cl)c1cc2ccccc2c(N=Nc2cc(Cl)ccc2Cl)c1O,0
CC1(C)COP(=S)(OP2(=S)OCC(C)(C)CO2)OC1,0
CCCSP(=O)(OCC)Oc1ccc(Br)cc1Cl,1
CCOC(=O)c1ccnc(C(=O)OCC)c1,0
Cc1cc(F)ccc1C1CC(=O)C=CN1C(=O)OCc1ccccc1,0
CS(=O)(=O)O,0
CC(=O)N1CCN(C2CCN(C(=O)N(C)C(C)c3cc(C(F)(F)F)cc(C(F)(F)F)c3)C(c3ccc(F)cc3C)C2)CC1,0
CC(=O)Nc1ccc(NC(=O)c2cc3ccccc3cc2O)cc1,0
CC1CC2C3CCC(C3)C2CC1=O,1
O=C(CCl)c1ccc(Cl)cc1Cl,1
CC(C)(C)OC(=O)N1CC(F)CC1C(N)=O,0
CCCCCCCCCCCCCCCCCCCCBr,1
CCCCCCCCCCCCI,1
CC(=O)C(C)=O,1
Cc1cn2c(nc1=O)OC1C(O)C(CO)OC12,0
CCCCCCC(O)CCCCCCCCCCC(=O)NCCCCCCNC(=O)CCCCCCCCCCC(O)CCCCCC,0
CNC(C)c1cccc(OC)c1,0
O=CN1CCOCC1,1
COc1cc(NC(=O)CC(C)=O)c(OC)cc1Cl,0
Cc1ccc(N=c2nc(N(C)c3ccc4c(C)n(C)nc4c3)cc[nH]2)cc1S(N)(=O)=O,0
Cc1c2ccc(N)cc2nn1C,0
Cc1c2ccc(N(C)c3ccnc(Cl)n3)cc2nn1C,0
CCCCCCCCCCCCCCCCCCNC(=O)Nc1ccc(Cc2ccc(NC(=O)NCCCCCCCC)cc2)cc1,0
COc1ccccc1NC(=O)C(=NNc1ccc(-c2ccc(NN=C(C(C)=O)C(=O)Nc3ccccc3OC)c(Cl)c2)cc1Cl)C(C)=O,0
CCOS(=O)(=O)O,0
CC[n+]1ccn(C)c1,0
Nc1ccc(OC(F)(F)F)cc1,0
CCCCN1C(=O)C(C(O)C2CCCCC2)NC(=O)C12CCN(Cc1ccc(Oc3ccc(C(=O)O)cc3)cc1)CC2,0
O=C(Nc1ccccc1)c1cc(Cl)ccc1O,1
CC12CCC(CC1)C(C)(C)O2,1
O=C(O)C1CC=CCC1,1
O=C(O)C(F)(F)C(F)OC(F)(F)C(F)(F)C(F)(F)OC(F)(F)F,1
CC(C)(C)OC(=O)NC(C(=O)O)C(c1ccc(F)cc1)c1ccc(F)cc1,0
CC(C)(C)OC(=O)NC(C(=O)N1CC(F)CC1C#N)C(c1ccc(F)cc1)c1ccc(F)cc1,0
N#CC1CC(F)CN1C(=O)C(N)C(c1ccc(F)cc1)c1ccc(F)cc1,0
CCCCCCCCCCCCCCCCCl,1
COc1ccc(C=O)cc1Cl,0
OCC1OC(O)C(O)C(O)C1O,0
O=C(O)c1ccc2c(C3CCCC3)c[nH]c2c1,0
COC(=O)c1ccc2c(C3CCCC3)cn(C)c2c1,0
CNS(=O)(=O)c1cc(OC)c(N)cc1C,0
CNS(=O)(=O)c1cc(OC)c(N)cc1OC,0
C=CC(=O)NCC(OC)OC,0
NCCC[S+](O)O,0
C=O,1
CC12C=CC(=O)C=C1CCC1C2C(O)CC2(C)C1CCC2(O)C(=O)CO,0
O=C(O)c1cc(Br)nn1-c1ncccc1Cl,0
CC(C)=CCCC(C)=CCCC(C)=CC=O,1
CCOC(=O)c1nn(-c2ccc(OC)cc2)c2c1CCN(c1ccc(N3CCCCC3=O)cc1)C2=O,0
O=C1CCCC(=O)C1,0
CCCCCCCCCC(=O)NCCNC(=O)CCCCCCCCC,0
CCCCCCCCCCCCOS(C)(=O)=O,1
C=CCc1ccc(OC(C)C)c(OC)c1,0
CCOC(=O)C(Cl)(Cl)Cl,0
CCC1(CO)COCOC1,0
CCOC(=O)c1ccc(I)cc1,1
NC(CS)C(=O)O,0
COc1ccc(C2CC(=O)c3c(O)cc(OC4OC(COC5OC(C)C(O)C(O)C5O)C(O)C(O)C4O)cc3O2)cc1O,0
O=C(Nc1cc(Cl)c(NC(=O)c2cc3ccccc3c(N=Nc3cc(C(F)(F)F)ccc3Cl)c2O)cc1Cl)c1cc2ccccc2c(N=Nc2cc(C(F)(F)F)ccc2Cl)c1O,0
COc1cc(S(=O)(=O)Nc2ccccc2)c(OC)cc1N,0
CCOc1c(OCC)c(=O)c1=O,1
Cc1nc2ccccc2c(=O)o1,1
Cc1cc(O)c(C=O)c(O)c1,1
O=C(C(O)C(O)O)C(O)C(O)CO,0
Cc1c(C#N)sc(N)c1C#N,0
C[N+](C)=CCC(O)CC(N)=O,0
NS(=O)(=O)O,0
C1COCCN1,0
COc1ccc(Cl)cc1NC(=O)CC(C)=O,0
COc1cc(NC(=O)c2cc3ccccc3c(N=Nc3cc(C(=O)Nc4ccccc4)ccc3OC)c2O)c(OC)cc1Cl,0
O=C(Nc1ccc(NC(=O)c2cc3ccccc3c(N=Nc3cc(Cl)ccc3Cl)c2O)c(Cl)c1)c1cc2ccccc2c(N=Nc2cc(Cl)ccc2Cl)c1O,0
CC(=O)C(=NNc1ccc([N+](=O)[O-])cc1)C(=O)Nc1ccc2[nH]c(=O)[nH]c2c1,0
COc1ccc(Nc2ccc(CCNCC(O)c3ccc(O)c4[nH]c(=O)ccc34)cc2)cc1-c1ccccc1,0
Nc1ccc(N)c([N+](=O)[O-])c1,1
CCCCCCCCCCCCCCOC(=O)OOC(=O)OCCCCCCCCCCCCCC,1
O=c1cccccc1O,1
Nc1ccccc1Nc1ccccc1,1
CCOC(=O)c1nn(-c2ccc(OC)cc2)c2c1CCN(c1ccc([N+](=O)[O-])cc1)C2=O,0
O=C1CCC2COC1O2,0
COC(=O)c1ccc(C(=O)OC)c(N)c1,0
C(=NC1CCCCC1)=NC1CCCCC1,1
C[N+](C)(C)C,0
CC(C)(C)C(=O)O,0
CC(C)=CCCC(C)=CC=O,1
Cc1ccc(CCC=O)cc1,1
O=C1CCCCCN1C(=O)Nc1ccc(Cc2ccc(NC(=O)N3CCCCCC3=O)cc2)cc1,0
O=C1CCCCO1,0
O=CCC=O,0
N=c1[nH]ccnc1C(=O)O,0
O=C(c1ccc(Oc2ccccc2)cc1)c1ccc(C(=O)c2ccc(Oc3ccccc3)cc2)cc1,0
CCCSc1ccc(N)c([N+](=O)[O-])c1,1
CC(C)CCOCCC(C)C,1
CCCCCCCCCCCCCCCCI,1
OC1COCOC1,0
CC(=O)C(=NNc1ccc(-c2ccc(NN=C(C(C)=O)C(=O)Nc3ccccc3C)c(Cl)c2)cc1Cl)C(=O)Nc1ccccc1C,0
CC(C)C1CCC(CO)CC1,1
CC1(C)SC2C(N)C(=O)N2C1C(=O)O,0
O=C(O)c1ccc2c(c1)C(=O)OC2=O,1
Cn1c(=O)c2ccc3c4ccc5c(=O)n(C)c(=O)c6ccc(c7ccc(c1=O)c2c37)c4c56,0
Oc1cc2ccccc2o1,1
CCC(=O)OC1(C(=O)CO)C(C)CC2C3CC=C4CC(=O)C=CC4(C)C3(Cl)C(O)CC21C,0
C=C1C=CC(C(C)C)CC1,1
c1ccc(-c2nnc(-c3ccc(-c4nnc(-c5ccccc5)c(-c5ccccc5)n4)cc3)nc2-c2ccccc2)cc1,0
OCC1CO1,0
COc1cc(NC(=O)C(=NNc2ccc(-c3ccc(NN=C(C(C)=O)C(=O)Nc4cc(OC)c(Cl)cc4OC)c(Cl)c3)cc2Cl)C(C)=O)c(OC)cc1Cl,0
CC(=O)C(=NNc1cc(C(=O)Nc2cccc(Cl)c2C)ccc1Cl)C(=O)Nc1cc(Cl)c(NC(=O)C(=NNc2cc(C(=O)Nc3cccc(Cl)c3C)ccc2Cl)C(C)=O)cc1C,0
ClC(Cl)(Cl)Cl,1
NCC(=O)O,0
NC(CSSCC(N)C(=O)O)C(=O)O,0
COC1CCCC1,0
CC(=O)CC(=O)c1ccc(C)cc1C,1
C=CCCC(=O)C1=CCCC(C)(C)C1,1
CC(O)CO,0
CC=CC(=O)C1=C(C)CCCC1(C)C,1
Oc1[nH]c(O)c2c1CCC2,0
N#CCN(CC#N)CCN(CC#N)CC#N,0
O=[N+]([O-])c1ccc(O)cc1[N+](=O)[O-],1
CC(=O)C(=O)c1ccccc1,1
Cn1c(=O)c2c(ncn2C)n(C)c1=O,0
CC[Si](ON=C(C)C)(ON=C(C)C)ON=C(C)C,0
Cc1ccc(N=C=O)cc1N=C=O,1
CCOCOC1CCCCCCCCCCC1,1
CC1=CCC(=C(C)C)CC1,1
O=C(Nc1ccc(Cc2ccc(NC(=O)NC3CCCCC3)cc2)cc1)NC1CCCCC1,0
Nc1cccc(O)c1,1
C=CCOC(C)=O,0
CC=CC=CCC=O,1
CCOCc1cc(OC)c(B(O)O)c(OC)c1,0
C=CC(=O)OCc1c(Br)c(Br)c(Br)c(Br)c1Br,1
COc1cc(OC)c(NC(=O)c2cc3ccccc3c(N=Nc3cc(C(=O)Nc4ccc(C(N)=O)cc4)ccc3OC)c2O)cc1Cl,0
COC(=O)c1ccc(NC(=O)c2cc(Cl)ccc2Cl)cc1N,0
CNC(N)=O,0
CCCC(=O)NC(C)C(=O)O,0
O=[PH](=O)(O)CN(CCO)C[PH](=O)(=O)O,0
NC(Cc1ccc(O)cc1)C(O)O,1
CC(N)=O,0
CC1C(C=O)CC2CC1C2(C)C,1
Nc1c(S(=O)(=O)O)cc(-c2cc(S(=O)(=O)O)c(N)c3c2C(=O)c2ccccc2C3=O)c2c1C(=O)c1ccccc1C2=O,0
O=C(Nc1ccccc1)c1cc2ccccc2c(N=Nc2cc(Cl)ccc2Cl)c1O,0
CC(C)CCOC(=O)c1ccccc1C(=O)OCCC(C)C,1
C=CC1(C)CC(OC(=O)COS(C)(=O)=O)C2(C)C(C)CCC3(CCC(=O)C32)C(C)C1O,0
Nc1ccc(O)cc1[N+](=O)[O-],1
COC(=O)c1sc(N)c(C#N)c1C,0
CC(Cl)COP(=O)(OCC(C)Cl)OCC(C)Cl,0
O=c1[nH]c2ccccc2[nH]1,0
NCC(O)CO,0
CCC(C)(C)C1CCC(CC=O)CC1,1
COCOCC(CO)(CO)CO,0
CC(O)(CC(=O)O)C(=O)O,0
CCCCCCOC(=O)c1ccccc1O,1
COC(=O)CCCCC(=O)OC,0
CCCCC(CC)COC(=O)C(C)O,1
CCCCCCCCCCCCCCCBr,1
C1CCC(NC2CCCCC2)CC1,0
CC(C)(C)C(NC(=O)OCc1ccccc1)C(=O)O,0
C=C(C)C(=O)NCCC[N+](C)(C)CC(=O)NCCC[N+](C)(C)CC(O)C[N+](C)(C)C,0
CCC(=O)C=CC1=C(C)CCCC1(C)C,1
CC(=O)CC(=O)Nc1ccc(S(=O)(=O)O)cc1,0
CCCCOCCOCCOCCOCCCC,0
O=C(CC(CP1(=O)Oc2ccccc2-c2ccccc21)C(=O)OCCO)OCCO,0
COc1cc([N+](=O)[O-])ccc1NN=C(C(C)=O)C(=O)Nc1ccccc1OC,0
CC(=O)C(=NNc1ccc(-c2ccc(NN=C(C(C)=O)C(=O)Nc3ccc(C)cc3)c(Cl)c2)cc1Cl)C(=O)Nc1ccc(C)cc1,0
CC(=O)C(=NNc1ccc(-c2ccc(NN=C(C(C)=O)C(=O)Nc3ccccc3)c(Cl)c2)cc1Cl)C(=O)Nc1ccccc1,0
OCC(O)c1oc(O)c(O)c1O,0
Cc1cc([N+](=O)[O-])ccc1N=Nc1c(O)c(C(=O)Nc2ccccc2C)cc2ccccc12,0
O=C(O)CCCCCCCCC(=O)O,0
NCCCCCCN,0
CCCCCCC=CC(C(C)=O)C(=O)OCC,1
CCCCOCCOC(=O)COc1nc(Cl)cc(Cl)c1Cl,1
C1COCO1,0
CC(=O)C(=NNc1ccc(Cl)cc1[N+](=O)[O-])C(=O)Nc1ccccc1Cl,0
CCOC(=O)c1nc[nH]n1,0
O=C(Cl)c1ccc(F)c(Cl)c1,1
COc1ccc(NN=C(C(C)=O)C(=O)Nc2ccccc2OC)c([N+](=O)[O-])c1,0
CCC(COC(=O)CC(C)CC(C)(C)C)(COC(=O)CC(C)CC(C)(C)C)COC(=O)CC(C)CC(C)(C)C,0
CCCCCC=O,0
COS(C)(=O)=O,1
C1=CCC(C2OCC3(CO2)COC(C2CC=CCC2)OC3)CC1,0
O=C(O)C1=C(CCO)OC2CC(=O)N12,0
CC1(C)CC(CCBr)C(=O)O1,0
Cn1c(N)cc(=O)n(C)c1=O,0
CC(C)Cc1ccc(CC(C)C=O)cc1,1
CC(=O)C(C)C(=O)c1ccccc1,1
CC(C)O,0
CCCC=CC=O,1
CC(=CC(C)C)C(C)OC(C)(C)COC(=O)C1CC1,1
CC(=O)C(=NNc1ccccc1C(F)(F)F)C(=O)Nc1ccc2[nH]c(=O)[nH]c2c1,0
O=C(O)CSSCC(=O)O,0
Cc1ccc(NC(=O)OCCCCCCCCCCC(C)C)cc1NC(=O)OCCCCCCCCCCC(C)C,0
COc1ccc(C(=O)Nc2ccccc2)cc1N=Nc1c(O)c(C(=O)Nc2cc(Cl)ccc2C)cc2ccccc12,0
CC1=CC(C)C(CO)C(C)C1,0
OCC1(CO)COCOC1,0
CCOC(=O)C(=NOC(C)(C)C(=O)OC(C)(C)C)c1csc(=NC(c2ccccc2)(c2ccccc2)c2ccccc2)[nH]1,0
C=CC(C)=CCC1OC1(C)C,1
O=C1c2ccccc2-c2nc3cccc4cccc(c43)n21,0
CCCCCCCCCBr,0
CCCCCCCCCCCBr,1
Cc1ncc[nH]1,0
CCCCCCCCCCCCCCCCCCCCCCBr,1
COc1cc2[nH]c(=O)c(=O)[nH]c2cc1[N+](=O)[O-],0
COc1cc([N+](=O)[O-])c(OC)cc1Cl,0
COC(=O)CC(C)=NC(C(=O)O)c1ccc(O)cc1,0
COc1ccc(C)cc1NC(C)=O,0
O=C(CCc1ccc(O)cc1)Nc1ccccc1C(=O)O,0
Cc1ccc(N)cc1S(N)(=O)=O,0
COc1cc2[nH]c(=O)c(=O)[nH]c2cc1N,0
CN(N=O)C(=N)N[N+](=O)[O-],1
Cc1ccc(S(N)(=O)=O)cc1,0
CCCCOCCOCCOC(=O)CCC(=O)OCCOCCOCCCC,0
Cc1cc(S(=O)(=O)O)c(N=Nc2c(O)c(C(=O)O)cc3ccccc23)cc1Cl,0
C[Si](C)(C)O[Si](C)(CCCOCC(O)CO)O[Si](C)(C)C,1
CCC(C)CC1CCC(O)CC1,1
CCCC(O)CCC1C(C)CCCC1(C)C,1
CC(C)(C)OC(=O)NC(C(=O)N1C(C#N)CC2CC21)C12CC3CC(CC(O)(C3)C1)C2,0
N=c1cc[nH]c(=O)[nH]1,0
O=C(c1ccccc1)C1CCCCC1,0
Oc1cc2cccc(F)c2[nH]1,0
Cc1cc2[nH]c(=O)[nH]c2cc1N=Nc1c(O)[nH]c(=O)[nH]c1=O,0
CN1CCCN(C)C1=O,0
CCOC(=O)C(Cc1ccc(O)cc1)NC(=O)OC(C)(C)C,0
COc1cc(S(=O)(=O)O)c(C)cc1NC(=O)CC(C)=O,0
CCCCCCCCCCCCCC(=O)NC(CCC(=O)O)C(=O)O,0
NC(Cc1c[nH]c2ccccc12)C(=O)O,0
O=C(O)CCCCCCCCCCCBr,1
C=c1[nH]n2c(=O)c3ccccc3nc2c1=NNc1ccc(Cl)cc1[N+](=O)[O-],0
CC(=O)C(=NNc1ccc(C(=O)Nc2ccc(C(N)=O)cc2)cc1)C(=O)Nc1ccc2[nH]c(=O)[nH]c2c1,0
NC(=O)c1ccc(NC(=O)c2ccc(N)cc2)cc1,0
NP(N)(=O)Oc1ccccc1,0
NC(=O)C1CC(F)CN1,0
CCCCC(C=O)=Cc1ccccc1,1
CC(C)(C)N,0
CC(C)(C)O,0
OCC(F)(F)F,0
CC(C)(CC1Cc2ccccc2C1)NCC(O)COc1cc(CCC(=O)O)cc(F)c1F,0
CNC(=O)c1cc(Oc2ccc(N)c(F)c2)ccn1,0
CCN(N=O)C(N)=O,1
Cc1cc(C)c(C(=O)P(=O)(c2ccccc2)c2ccccc2)c(C)c1,1
C=C(C)C(=O)OC(=O)C(=C)C,1
COC(=O)C1CCCC(C)C1,0
CCCCCCCCC(=O)Cl,1
CCCCCCCCCCCCCBr,1
FC1(F)COC1(F)F,0
CC(Cl)COP(=O)(OCC(C)Cl)OC(C)CCl,0
CC1(C)C(C=C(Cl)C(F)(F)F)C1C(=O)OC(C#N)c1cccc(Oc2ccccc2)c1,1
O=C(Nc1ccc2[nH]c(=O)[nH]c2c1)c1cc2ccccc2cc1O,0
CCOP(=O)(OCC)OCC,0
CCCCOCCOP(=O)(OCCOCCCC)OCCOCCCC,0
CC(Cl)CCl,0
CC(=O)C(=NNc1ccc(-c2ccc(NN=C(C(C)=O)C(=O)Nc3ccc(C)cc3C)c(Cl)c2)cc1Cl)C(=O)Nc1ccccc1C,0
CC(C)C(=O)O,0
C=C(C)C(N)=O,0
CC(=O)C=CC1=CCCC(C)C1(C)C,0
CC(=O)C(O)O,0
C[N+](C)(C)CC(O)CC(=O)O,0
Nc1ccc(S(=O)(=O)c2ccc(N)cc2)cc1,0
CCC(C)(C)c1ccc(O)cc1,1
CC(C=O)Cc1ccc(C(C)(C)C)cc1,1
C=C(C)C(=O)OC,1
CN1CCN(C)C1=O,0
O=C(O)CCCCCN=c1[nH]c(=NCCCCCC(=O)O)[nH]c(=NCCCCCC(=O)O)[nH]1,0
COc1ccc([N+](=O)[O-])cc1NN=C(C(C)=O)C(=O)Nc1ccccc1OC,0
Nc1ccc(C=Cc2ccc(N)cc2S(=O)(=O)O)c(S(=O)(=O)O)c1,0
O=c1c2ccccc2c(=O)c2c1ccc1[nH]c3c(ccc4c(=O)c5ccccc5c(=O)c43)[nH]c12,0
CCC1OC(=O)C(C)C(OC2CC(C)(OC)C(O)C(C)O2)C(C)C(OC2OC(C)CC(N(C)C)C2O)C(C)(OC)CC(C)C(=O)C(C)C(O)C1(C)O,0
CCCCCCC(C)OC(=O)COc1[nH]c(F)c(Cl)c(=N)c1Cl,1
C=CC(=O)OCCO,1
C#CC(O)CCCCC,1
CCC(C)C1C(=O)NC(C2Cc3ccccc3C2)C(=O)N1C(C(=O)N1CCOCC1)c1coc(C)n1,0
COc1ccccc1NN=C(C(C)=O)C(=O)Nc1ccc2[nH]c(=O)[nH]c2c1,0
OCC(O)C1OC(c2ccc(Cl)cc2)OC2COC(c3ccc(Cl)cc3)OC21,0
C=C(C)C(=O)OCC1CCC2OC2C1,1
Cn1sc2c(c1=O)CCC2,1
O=c1n(CCO)c(=O)n(CCO)c(=O)n1CCO,0
COC(=O)c1ccc(C(=O)Nc2cc(Cl)ccc2Cl)cc1[N+](=O)[O-],0
Cc1ccc(C(=O)Nc2ccc(S(=O)(=O)O)cc2)cc1[N+](=O)[O-],0
O=C1C=CC2(O)C3Cc4ccc(O)c5c4C2(CCN3)C1O5,1
COc1cc(NC(=O)C(C#N)C=Nc2ccc(OC)c(OCCCN3CCN(C)CC3)c2)c(Cl)cc1Cl,0
O=C1N=C(c2ccc(Cl)cc2)c2c(O)[nH]c(-c3ccc(Cl)cc3)c21,0
CC1CCC(C(C)C)C(C(=O)NCCc2ccccn2)C1,0
CCCCOC(=O)CCP1(=O)Oc2ccccc2-c2ccccc21,0
Oc1[nH]c(O)c2c1CC=CC2,0
O=C1NC(=O)c2ccccc21,0
CCCCOC(=O)c1ccccc1C(=O)OCc1ccccc1,0
CCN(CC)c1ccc(C=C2OC(=NC3CCCCC3)N(C3CCCCC3)C2=O)c(OC)c1,0
C=COCCOCCOC(=O)C=C,1
O=C(NC(=O)c1c(F)cccc1F)Nc1cc(Cl)c(OC(F)(F)C(F)F)c(Cl)c1,0
CCOC(=O)CP(=O)(OCC)OCC,0
CCCCCCCCCC(=O)Oc1ccc(C(=O)O)cc1,0
CCC=CCC(C)OC(=O)c1ccccc1O,1
COc1nc(OC)nc(C(=O)c2cccc(F)c2N(C)S(=O)(=O)C(F)F)n1,0
NC(C(=O)O)c1ccccc1,0
CC(=O)Nc1ccc(F)cc1-c1ccc(Cl)c(Cl)c1,0
CC(O)c1c(Cl)ccc(F)c1Cl,1
COc1ccccc1NC(=O)C(=NNc1ccccc1C(=O)O)C(C)=O,0
Cc1ccc(N)c(S(=O)(=O)O)c1,0
O=[N+]([O-])c1cc([N+](=O)[O-])c(Cl)c([N+](=O)[O-])c1,1
Cc1cc(=O)n(-c2ccccc2)[nH]1,1
COc1ccc(OC)c([N+](=O)[O-])c1,0
COc1ccc(C(=O)O)cc1[N+](=O)[O-],0
CC(=O)OC1CC(C)CCC1C(C)C,0
Cc1ccc(I)cc1Cc1ccc(-c2ccc(F)cc2)s1,1
N=c1cc(C(=O)O)c(=NNc2ccc(S(=O)(=O)CCOS(=O)(=O)O)cc2S(=O)(=O)O)c(=N)c1=NNc1ccc(S(=O)(=O)CCOS(=O)(=O)O)cc1,0
COc1ccccc1OC,0
O=C1Nc2ccccc2C1=O,1
CC(=O)OCC(=O)C1(O)C(C)CC2C3CC=C4CC(=O)C=CC4(C)C3=CCC21C,0
C#CC(C)(C)C,0
COc1ccccc1NC(=O)CC(C)=O,0
Cc1ccc2oc(=O)ccc2c1,0
Oc1ccc(-c2ccccc2)cc1,1
COc1ccc(NC(=O)c2cc3ccccc3cc2O)cc1,0
CC(C)(C)OC(=O)c1cccc(N)c1,0
COc1cc2c(cc1OC)C(C)(C)C(=Cc1ccccc1)C2=O,0
CCC(C)c1cc(S(=O)(=O)O)cc(-n2nc3ccccc3n2)c1O,0
CC(=CCCC=O)CCCC(C)(C)O,0
CC(C)CCOC(=S)S,1
CCC=CCCO,0
COc1ccc([N+](=O)[O-])cc1OCCCCl,0
COc1cc(C)ccc1O,1
CC(C=O)c1ccccc1,1
CC(=O)CC(=O)Nc1ccccc1C,0
CC(=O)CC(=O)Nc1ccccc1Cl,0
O=C(O)COc1cc(Cl)c(Cl)cc1Cl,1
O=C(Oc1ccccc1)c1ccccc1,1
CCCCCCCCCCCC(=O)OCC(C)(C)C=NCCOCCO,1
CCCCCCCCCCCC(=O)OCC(C)(C)C=NCC1(C)CC(N=CC(C)(C)COC(=O)CCCCCCCCCCC)CC(C)(C)C1,1
NC(=O)c1ccc(NC(=O)c2ccc([N+](=O)[O-])cc2)cc1,0
OCCN(CCO)CCO,0
Cc1ccc(S(=O)(=O)NCCCCCC(=O)O)cc1,0
COc1ccc(C(=O)Nc2ccc(C(N)=O)cc2)cc1N,0
CCCCC(CC)C(=O)OCCOCCOCCOC(=O)C(CC)CCCC,0
O=C(OOC(=O)c1ccccc1)c1ccccc1,1
CCCCCCCCCCCCCC(=O)Oc1ccccc1C(c1ccccc1)c1ccccc1OC(=O)CCCCCCCCCCCCC,0
O=C(O)CCCCCCCCCCCCCCC(=O)NC(CCC(=O)On1c(O)ccc1O)C(=O)O,0
CC(CC(=O)Oc1ccc(S(=O)(=O)O)cc1)CC(C)(C)C,1
c1ccc2scnc2c1,0
Clc1ccccc1Cl,1
Cc1cc(N)ccc1N,1
CC1OC(=O)C(C)OC1=O,0
Cc1ccc(-n2nccn2)c(C(=O)O)c1,0
OCC(O)CS,1
CNC(=O)NC,0
C=CC(=O)OC,1
C=C(Cl)C(=O)OCCC(F)(F)C(F)(F)C(F)(F)C(F)(F)C(F)(F)C(F)(F)F,0
CCOC(=O)CC(=O)c1cc(F)c(Cl)nc1Cl,0
CC=Cc1ccc(O)c(OC)c1,1
NC(=O)Nc1[nH]c(=O)[nH]c1O,0
C=C(C)C(=O)OCCOC(=O)C(=C)C,1
CCC(C=O)CC,1
CC(C)(C)C1CCC(=O)CC1,0
Cc1ccc2[nH]c3cc4c(=O)c5cc(C)ccc5[nH]c4cc3c(=O)c2c1,0
CC(C)(C)c1ccc(OP(=O)(Oc2ccccc2)Oc2ccccc2)cc1,0
Cc1ccn2nc(S(=O)(=O)Nc3c(F)cccc3F)nc2n1,0
C=C(C)C1C=CC(C)C(=O)C1,1
COC(=O)c1ccc(O)cc1,0
CC1=CC=C(C(C)C)CC1,1
O=S1(=O)CS(=O)(=O)OCO1,1
CC1=CCCCC1=NO,1
CC=CC(CC)=NO,1
C=CC(C)(O)CCC=C(C)C=O,1
CC1(C)SC2C(NC(=O)Cc3ccccc3)C(=O)N2C1C(=O)O,1
CC1(C)CC(COS(C)(=O)=O)C(=O)O1,0
Cc1ccc(S(=O)(=O)OCC2CC(C)(C)OC2=O)cc1,0
COc1ccc2[nH]c(=O)cc(C)c2c1,0
CC(C)(C)OC(=O)N1CCCC1c1nc(-c2ccc(-c3ccc(-c4c[nH]c(C5CCCN5C(=O)OC(C)(C)C)n4)cc3)cc2)c[nH]1,0
C=C1CC(C(=C)C)CC=C1C,1
Oc1ccc(O)c2c1C1CCC2C1C(Cl)Cl,1
CCC(COCC(F)(F)C(F)(F)F)OC(=O)CC(C(=O)OC(CC)COCC(F)(F)C(F)(F)F)C(C(=O)OC(CC)COCC(F)(F)C(F)(F)F)S(=O)(=O)O,0
S=c1[nH]c2ccccc2o1,0
CC1(C)C(=CC=C2CCCC(C=CC3=[N+](CCCCS(=O)(=O)O)c4ccc5ccccc5c4C3(C)C)=C2Cl)N(CCCCS(=O)(=O)O)c2ccc3ccccc3c21,0
O=C1N=C(c2ccc(-c3ccccc3)cc2)c2c(O)[nH]c(-c3ccc(Cl)cc3)c21,0
Cc1cnn(C(CC(=O)O)C(=O)O)c1C,0
O=C(O)CCC(=O)O,0
N=c1[nH]c(-c2ccc3ccccc3c2)c(N=Nc2cc(S(=O)(=O)O)c3cc(S(=O)(=O)O)cc(S(=O)(=O)O)c3c2)s1,0
Cc1cccc(Nc2cc3c(nc4ccc(N(CCO)CCO)cc4[n+]3-c3ccccc3)c3ccccc23)c1,0
